Node_A,Node_B
0,3
0,5
0,6
0,13
0,27
0,37
0,43
0,69
0,70
0,74
0,77
0,83
0,90
0,95
0,96
0,97
0,98
0,104
0,105
0,106
0,110
0,112
0,116
0,123
0,131
0,133
0,137
0,139
0,143
0,146
0,147
0,150
0,160
0,163
0,172
0,174
0,176
0,177
0,183
0,187
0,189
0,191
0,198
0,204
0,206
0,214
0,217
0,230
0,238
0,239
0,244
0,245
0,257
0,262
0,265
0,272
0,279
0,286
0,296
0,302
0,305
0,310
0,313
0,321
0,325
0,330
0,337
0,344
0,361
0,362
0,364
0,372
0,379
0,395
0,397
0,398
0,400
0,407
0,412
0,422
0,429
0,434
0,435
0,436
0,442
0,443
0,444
0,445
0,454
0,458
0,466
0,467
0,473
0,478
0,499
1,8
1,9
1,11
1,13
1,16
1,18
1,22
1,26
1,28
1,29
1,30
1,33
1,35
1,37
1,38
1,45
1,49
1,56
1,65
1,66
1,76
1,78
1,85
1,86
1,88
1,89
1,90
1,91
1,93
1,97
1,98
1,106
1,118
1,121
1,126
1,127
1,132
1,134
1,143
1,147
1,149
1,158
1,165
1,167
1,168
1,173
1,179
1,190
1,194
1,196
1,203
1,205
1,206
1,213
1,215
1,228
1,229
1,239
1,242
1,243
1,244
1,250
1,251
1,255
1,256
1,257
1,266
1,268
1,270
1,271
1,273
1,275
1,287
1,303
1,304
1,306
1,307
1,314
1,323
1,324
1,334
1,335
1,337
1,343
1,344
1,346
1,349
1,356
1,359
1,361
1,362
1,363
1,365
1,366
1,371
1,372
1,376
1,377
1,381
1,385
1,386
1,394
1,398
1,413
1,425
1,427
1,432
1,433
1,439
1,441
1,445
1,447
1,452
1,454
1,456
1,459
1,462
1,464
1,468
1,483
1,486
1,488
1,496
1,497
2,6
2,13
2,16
2,17
2,18
2,21
2,31
2,33
2,41
2,47
2,54
2,56
2,58
2,66
2,72
2,80
2,81
2,85
2,90
2,94
2,102
2,103
2,109
2,111
2,119
2,120
2,121
2,147
2,159
2,164
2,168
2,170
2,180
2,185
2,187
2,196
2,197
2,200
2,204
2,205
2,207
2,211
2,215
2,221
2,222
2,235
2,236
2,245
2,249
2,252
2,266
2,282
2,291
2,295
2,298
2,301
2,302
2,313
2,319
2,320
2,333
2,344
2,363
2,374
2,375
2,389
2,390
2,406
2,409
2,415
2,417
2,420
2,436
2,449
2,455
2,458
2,459
2,463
2,466
2,471
2,473
2,482
3,5
3,7
3,11
3,16
3,18
3,21
3,23
3,25
3,32
3,55
3,58
3,65
3,70
3,73
3,74
3,78
3,80
3,82
3,85
3,96
3,97
3,100
3,108
3,117
3,119
3,122
3,125
3,127
3,128
3,129
3,131
3,142
3,150
3,153
3,162
3,169
3,176
3,177
3,188
3,192
3,200
3,202
3,214
3,216
3,232
3,237
3,240
3,250
3,254
3,261
3,270
3,272
3,273
3,274
3,276
3,277
3,283
3,287
3,288
3,297
3,298
3,309
3,314
3,315
3,323
3,325
3,336
3,348
3,350
3,351
3,352
3,353
3,354
3,360
3,366
3,367
3,370
3,381
3,393
3,415
3,418
3,425
3,433
3,447
3,449
3,450
3,452
3,457
3,459
3,463
3,467
3,470
3,471
3,472
3,473
3,477
3,478
3,484
3,487
3,489
3,499
4,7
4,10
4,11
4,16
4,18
4,19
4,23
4,27
4,28
4,30
4,32
4,33
4,35
4,36
4,37
4,47
4,53
4,57
4,68
4,77
4,80
4,100
4,107
4,111
4,113
4,116
4,132
4,135
4,146
4,150
4,153
4,163
4,170
4,175
4,176
4,183
4,187
4,191
4,192
4,193
4,200
4,202
4,209
4,215
4,226
4,231
4,241
4,243
4,244
4,248
4,249
4,259
4,266
4,271
4,282
4,288
4,290
4,293
4,297
4,298
4,309
4,316
4,318
4,319
4,321
4,327
4,328
4,334
4,339
4,346
4,348
4,349
4,369
4,370
4,373
4,384
4,387
4,390
4,392
4,395
4,397
4,399
4,401
4,411
4,412
4,413
4,415
4,417
4,424
4,427
4,429
4,430
4,432
4,433
4,435
4,436
4,437
4,438
4,444
4,446
4,448
4,452
4,454
4,455
4,462
4,463
4,464
4,469
4,473
4,477
4,481
4,482
4,486
4,496
4,497
5,12
5,16
5,22
5,28
5,29
5,32
5,35
5,40
5,45
5,48
5,65
5,66
5,83
5,87
5,88
5,103
5,106
5,113
5,121
5,122
5,124
5,130
5,134
5,144
5,158
5,163
5,171
5,190
5,193
5,195
5,200
5,217
5,222
5,231
5,232
5,235
5,255
5,261
5,264
5,265
5,266
5,270
5,272
5,275
5,282
5,288
5,319
5,320
5,321
5,323
5,327
5,329
5,341
5,342
5,354
5,358
5,361
5,366
5,384
5,388
5,392
5,398
5,401
5,408
5,419
5,432
5,438
5,439
5,442
5,460
5,461
5,465
5,471
5,478
5,486
5,487
5,489
5,491
5,495
6,11
6,12
6,13
6,39
6,44
6,45
6,49
6,55
6,60
6,63
6,64
6,74
6,84
6,85
6,86
6,87
6,89
6,91
6,95
6,100
6,106
6,108
6,111
6,114
6,115
6,119
6,120
6,122
6,124
6,130
6,136
6,148
6,152
6,155
6,156
6,165
6,171
6,176
6,178
6,184
6,194
6,198
6,202
6,217
6,219
6,224
6,231
6,234
6,240
6,241
6,245
6,247
6,248
6,254
6,255
6,261
6,271
6,274
6,275
6,277
6,278
6,279
6,282
6,284
6,301
6,305
6,310
6,317
6,319
6,322
6,339
6,344
6,350
6,351
6,375
6,387
6,388
6,390
6,392
6,394
6,408
6,428
6,432
6,439
6,451
6,457
6,460
6,465
6,466
6,467
6,473
6,478
6,485
6,492
6,494
6,496
7,11
7,15
7,18
7,21
7,24
7,26
7,29
7,30
7,31
7,33
7,35
7,37
7,44
7,50
7,51
7,55
7,60
7,62
7,69
7,70
7,72
7,76
7,78
7,81
7,83
7,85
7,92
7,93
7,108
7,112
7,126
7,132
7,135
7,138
7,142
7,150
7,151
7,152
7,156
7,157
7,160
7,163
7,164
7,169
7,174
7,180
7,189
7,194
7,199
7,202
7,204
7,207
7,213
7,216
7,217
7,221
7,231
7,232
7,235
7,237
7,241
7,244
7,252
7,256
7,267
7,272
7,275
7,276
7,278
7,279
7,281
7,295
7,296
7,298
7,299
7,303
7,304
7,309
7,310
7,337
7,342
7,357
7,358
7,359
7,370
7,372
7,376
7,379
7,380
7,387
7,388
7,391
7,393
7,399
7,401
7,403
7,405
7,407
7,408
7,420
7,422
7,425
7,428
7,432
7,436
7,437
7,439
7,440
7,447
7,448
7,457
7,461
7,471
7,472
7,473
7,476
7,477
7,478
7,479
7,485
7,488
7,498
8,21
8,24
8,31
8,42
8,46
8,49
8,57
8,61
8,73
8,75
8,80
8,81
8,82
8,84
8,91
8,92
8,102
8,103
8,106
8,114
8,116
8,120
8,127
8,130
8,135
8,155
8,161
8,163
8,167
8,170
8,172
8,173
8,174
8,176
8,181
8,182
8,186
8,188
8,196
8,198
8,203
8,210
8,217
8,236
8,239
8,243
8,244
8,247
8,250
8,257
8,260
8,263
8,268
8,270
8,271
8,274
8,281
8,285
8,286
8,288
8,289
8,292
8,295
8,306
8,312
8,316
8,317
8,324
8,326
8,328
8,342
8,343
8,346
8,348
8,350
8,357
8,364
8,367
8,369
8,370
8,375
8,376
8,378
8,387
8,390
8,391
8,400
8,406
8,407
8,412
8,415
8,417
8,422
8,424
8,427
8,433
8,441
8,442
8,446
8,448
8,454
8,455
8,460
8,467
8,468
8,487
8,490
8,497
8,498
8,499
9,10
9,20
9,27
9,37
9,60
9,67
9,85
9,86
9,92
9,97
9,103
9,105
9,112
9,119
9,131
9,136
9,140
9,142
9,144
9,157
9,163
9,165
9,174
9,182
9,183
9,186
9,188
9,191
9,194
9,195
9,197
9,201
9,212
9,216
9,217
9,218
9,220
9,223
9,235
9,241
9,243
9,252
9,253
9,255
9,263
9,264
9,285
9,304
9,314
9,318
9,328
9,346
9,349
9,359
9,362
9,363
9,374
9,375
9,380
9,382
9,383
9,384
9,388
9,390
9,391
9,394
9,407
9,413
9,415
9,422
9,436
9,444
9,446
9,454
9,456
9,465
9,469
9,472
9,475
9,477
9,478
9,479
9,482
9,485
9,488
9,494
10,12
10,30
10,34
10,35
10,40
10,41
10,46
10,47
10,48
10,49
10,50
10,53
10,59
10,65
10,73
10,76
10,90
10,95
10,96
10,97
10,101
10,103
10,104
10,107
10,118
10,119
10,121
10,132
10,148
10,150
10,153
10,176
10,177
10,179
10,182
10,183
10,185
10,203
10,205
10,207
10,209
10,210
10,214
10,217
10,220
10,221
10,223
10,225
10,235
10,236
10,237
10,240
10,241
10,246
10,251
10,262
10,263
10,264
10,265
10,271
10,276
10,282
10,283
10,290
10,291
10,295
10,297
10,300
10,313
10,314
10,318
10,324
10,331
10,333
10,335
10,338
10,346
10,353
10,354
10,355
10,357
10,360
10,370
10,373
10,377
10,381
10,386
10,391
10,396
10,399
10,403
10,405
10,415
10,422
10,429
10,431
10,440
10,444
10,447
10,452
10,454
10,456
10,458
10,464
10,465
10,467
10,474
10,477
10,478
10,479
10,486
11,13
11,16
11,17
11,25
11,29
11,30
11,33
11,35
11,37
11,39
11,46
11,56
11,57
11,83
11,91
11,95
11,101
11,106
11,120
11,125
11,128
11,133
11,134
11,135
11,140
11,161
11,164
11,168
11,185
11,194
11,198
11,212
11,213
11,222
11,227
11,241
11,244
11,248
11,251
11,256
11,258
11,259
11,260
11,261
11,265
11,267
11,275
11,281
11,282
11,285
11,297
11,307
11,308
11,312
11,313
11,314
11,316
11,319
11,321
11,328
11,329
11,338
11,346
11,354
11,360
11,381
11,386
11,387
11,394
11,395
11,402
11,404
11,412
11,414
11,417
11,423
11,427
11,429
11,440
11,461
11,473
11,477
11,485
11,486
11,487
12,15
12,20
12,31
12,35
12,38
12,40
12,43
12,55
12,57
12,61
12,63
12,64
12,66
12,73
12,75
12,87
12,89
12,90
12,91
12,94
12,106
12,107
12,111
12,133
12,135
12,136
12,140
12,151
12,157
12,160
12,162
12,164
12,168
12,171
12,178
12,185
12,188
12,190
12,196
12,200
12,203
12,209
12,220
12,234
12,238
12,256
12,260
12,274
12,282
12,283
12,292
12,294
12,298
12,299
12,303
12,307
12,309
12,316
12,323
12,327
12,331
12,334
12,336
12,339
12,340
12,348
12,350
12,356
12,363
12,367
12,373
12,386
12,388
12,395
12,401
12,408
12,410
12,412
12,422
12,432
12,436
12,440
12,442
12,445
12,448
12,458
12,459
12,461
12,464
12,465
12,469
12,475
12,481
12,486
12,487
12,488
12,490
13,22
13,30
13,36
13,38
13,44
13,48
13,55
13,58
13,63
13,65
13,67
13,74
13,75
13,82
13,92
13,93
13,94
13,100
13,101
13,104
13,106
13,107
13,124
13,128
13,143
13,144
13,155
13,162
13,164
13,166
13,173
13,174
13,183
13,190
13,194
13,196
13,200
13,203
13,215
13,221
13,222
13,252
13,254
13,255
13,268
13,271
13,272
13,281
13,289
13,291
13,294
13,298
13,300
13,306
13,308
13,311
13,320
13,326
13,332
13,336
13,337
13,346
13,352
13,367
13,375
13,379
13,381
13,382
13,396
13,398
13,399
13,414
13,420
13,422
13,424
13,429
13,434
13,440
13,444
13,452
13,453
13,455
13,456
13,459
13,461
13,462
13,466
13,471
13,472
13,475
13,481
13,482
13,488
13,494
14,24
14,27
14,47
14,50
14,54
14,67
14,71
14,72
14,77
14,88
14,96
14,114
14,115
14,117
14,119
14,124
14,127
14,131
14,132
14,144
14,150
14,152
14,157
14,158
14,161
14,176
14,182
14,183
14,190
14,193
14,196
14,200
14,202
14,205
14,206
14,226
14,228
14,235
14,238
14,249
14,261
14,262
14,265
14,266
14,269
14,275
14,276
14,281
14,282
14,287
14,293
14,302
14,304
14,306
14,307
14,315
14,320
14,333
14,334
14,343
14,354
14,357
14,362
14,364
14,374
14,375
14,381
14,385
14,395
14,397
14,407
14,408
14,413
14,414
14,418
14,424
14,425
14,431
14,436
14,437
14,439
14,448
14,449
14,450
14,452
14,458
14,461
14,466
14,467
14,475
14,483
14,485
14,488
14,498
15,17
15,18
15,22
15,23
15,28
15,31
15,35
15,37
15,40
15,42
15,43
15,44
15,50
15,63
15,77
15,84
15,85
15,90
15,92
15,98
15,110
15,114
15,120
15,122
15,136
15,142
15,144
15,146
15,152
15,156
15,157
15,165
15,178
15,179
15,184
15,187
15,194
15,200
15,209
15,214
15,215
15,225
15,226
15,234
15,236
15,241
15,244
15,249
15,251
15,253
15,262
15,266
15,278
15,279
15,280
15,296
15,297
15,310
15,313
15,339
15,342
15,347
15,350
15,354
15,355
15,356
15,359
15,363
15,364
15,371
15,373
15,377
15,380
15,384
15,391
15,404
15,408
15,410
15,418
15,420
15,421
15,428
15,429
15,430
15,432
15,443
15,445
15,446
15,453
15,467
15,471
15,481
15,488
15,494
15,498
16,19
16,22
16,24
16,30
16,41
16,42
16,48
16,53
16,54
16,55
16,56
16,57
16,60
16,73
16,74
16,77
16,84
16,86
16,94
16,95
16,96
16,101
16,106
16,110
16,111
16,118
16,121
16,126
16,136
16,143
16,144
16,151
16,155
16,158
16,161
16,164
16,191
16,193
16,198
16,202
16,206
16,208
16,219
16,221
16,239
16,248
16,257
16,261
16,262
16,264
16,266
16,276
16,284
16,288
16,289
16,290
16,292
16,295
16,298
16,299
16,305
16,306
16,311
16,322
16,331
16,351
16,353
16,356
16,358
16,359
16,365
16,370
16,374
16,376
16,381
16,385
16,388
16,391
16,394
16,397
16,401
16,402
16,408
16,415
16,416
16,431
16,438
16,441
16,444
16,454
16,455
16,460
16,462
16,467
16,470
16,471
16,473
16,481
16,493
16,494
17,19
17,29
17,33
17,40
17,58
17,59
17,64
17,67
17,72
17,74
17,78
17,83
17,98
17,102
17,103
17,109
17,110
17,113
17,116
17,117
17,120
17,122
17,124
17,125
17,129
17,148
17,152
17,154
17,158
17,165
17,176
17,177
17,180
17,181
17,184
17,186
17,193
17,195
17,198
17,206
17,210
17,212
17,221
17,222
17,249
17,251
17,256
17,257
17,258
17,265
17,281
17,282
17,287
17,290
17,292
17,294
17,295
17,297
17,298
17,302
17,303
17,307
17,308
17,317
17,322
17,333
17,334
17,335
17,343
17,350
17,356
17,359
17,364
17,373
17,374
17,376
17,377
17,378
17,380
17,383
17,387
17,388
17,391
17,392
17,396
17,399
17,401
17,403
17,404
17,411
17,415
17,416
17,422
17,430
17,432
17,433
17,437
17,445
17,455
17,463
17,466
17,469
17,471
17,473
17,477
17,490
17,497
18,22
18,33
18,43
18,60
18,67
18,75
18,78
18,80
18,85
18,87
18,91
18,98
18,100
18,102
18,104
18,115
18,119
18,122
18,123
18,134
18,138
18,147
18,172
18,179
18,184
18,189
18,190
18,194
18,208
18,227
18,230
18,232
18,234
18,237
18,239
18,241
18,244
18,248
18,249
18,254
18,255
18,262
18,267
18,269
18,275
18,276
18,280
18,281
18,286
18,298
18,299
18,301
18,309
18,310
18,317
18,330
18,332
18,344
18,349
18,350
18,354
18,355
18,358
18,364
18,365
18,369
18,370
18,372
18,374
18,381
18,385
18,386
18,387
18,388
18,392
18,393
18,400
18,413
18,415
18,416
18,419
18,423
18,429
18,430
18,431
18,432
18,433
18,434
18,439
18,451
18,453
18,454
18,458
18,465
18,466
18,478
18,484
19,24
19,30
19,36
19,43
19,44
19,46
19,47
19,62
19,67
19,71
19,72
19,78
19,79
19,81
19,82
19,85
19,86
19,92
19,93
19,94
19,96
19,102
19,104
19,108
19,111
19,114
19,117
19,124
19,127
19,138
19,140
19,147
19,152
19,153
19,157
19,160
19,166
19,169
19,171
19,176
19,179
19,180
19,196
19,198
19,211
19,213
19,219
19,220
19,227
19,229
19,234
19,235
19,238
19,239
19,240
19,241
19,246
19,247
19,259
19,260
19,263
19,264
19,272
19,281
19,285
19,286
19,287
19,288
19,292
19,296
19,300
19,316
19,321
19,325
19,330
19,331
19,332
19,333
19,348
19,350
19,362
19,363
19,374
19,382
19,385
19,387
19,389
19,401
19,402
19,414
19,415
19,428
19,432
19,433
19,439
19,441
19,450
19,452
19,458
19,462
19,463
19,468
19,471
19,474
19,476
19,477
19,489
19,490
19,493
19,495
19,498
20,32
20,36
20,44
20,51
20,53
20,55
20,61
20,77
20,80
20,88
20,107
20,112
20,124
20,127
20,148
20,158
20,171
20,178
20,188
20,189
20,192
20,196
20,197
20,199
20,201
20,203
20,204
20,210
20,212
20,213
20,222
20,224
20,229
20,230
20,235
20,240
20,244
20,245
20,251
20,266
20,267
20,271
20,273
20,279
20,298
20,310
20,313
20,316
20,322
20,323
20,327
20,329
20,331
20,343
20,344
20,345
20,347
20,349
20,352
20,358
20,363
20,371
20,372
20,376
20,378
20,379
20,392
20,400
20,401
20,422
20,428
20,433
20,446
20,447
20,448
20,455
20,468
20,488
20,490
20,498
21,28
21,31
21,32
21,35
21,42
21,44
21,50
21,52
21,60
21,63
21,66
21,67
21,68
21,77
21,81
21,83
21,85
21,94
21,95
21,98
21,101
21,107
21,108
21,112
21,124
21,125
21,135
21,140
21,141
21,145
21,150
21,155
21,159
21,161
21,169
21,170
21,171
21,174
21,175
21,180
21,182
21,188
21,205
21,215
21,216
21,219
21,223
21,239
21,241
21,253
21,260
21,265
21,269
21,270
21,274
21,291
21,292
21,307
21,314
21,315
21,316
21,321
21,329
21,331
21,345
21,350
21,362
21,363
21,370
21,372
21,376
21,377
21,380
21,386
21,388
21,393
21,397
21,400
21,408
21,411
21,412
21,414
21,418
21,419
21,421
21,422
21,426
21,428
21,430
21,431
21,432
21,437
21,440
21,462
21,463
21,470
21,471
21,472
21,473
21,486
21,490
21,492
21,494
21,496
22,24
22,26
22,27
22,31
22,42
22,48
22,52
22,55
22,61
22,62
22,66
22,68
22,69
22,72
22,77
22,81
22,87
22,96
22,100
22,101
22,102
22,108
22,111
22,118
22,119
22,124
22,126
22,131
22,138
22,144
22,146
22,150
22,152
22,155
22,157
22,163
22,166
22,167
22,174
22,179
22,180
22,182
22,191
22,193
22,196
22,208
22,218
22,219
22,223
22,224
22,234
22,237
22,242
22,246
22,247
22,248
22,252
22,253
22,254
22,255
22,260
22,263
22,268
22,278
22,284
22,285
22,294
22,297
22,299
22,304
22,307
22,309
22,310
22,311
22,316
22,317
22,318
22,325
22,330
22,343
22,346
22,351
22,355
22,358
22,359
22,361
22,363
22,366
22,368
22,377
22,380
22,383
22,387
22,389
22,390
22,398
22,421
22,422
22,426
22,431
22,435
22,440
22,446
22,449
22,453
22,458
22,460
22,465
22,471
22,474
22,476
22,484
22,491
22,492
22,495
22,498
23,26
23,29
23,40
23,60
23,61
23,74
23,75
23,76
23,82
23,90
23,98
23,100
23,108
23,114
23,123
23,125
23,126
23,133
23,134
23,139
23,143
23,147
23,151
23,157
23,163
23,174
23,177
23,182
23,192
23,199
23,201
23,202
23,203
23,206
23,214
23,215
23,232
23,234
23,236
23,238
23,241
23,245
23,257
23,258
23,265
23,266
23,267
23,276
23,289
23,290
23,292
23,297
23,300
23,301
23,312
23,316
23,317
23,327
23,338
23,347
23,348
23,352
23,353
23,359
23,360
23,392
23,393
23,403
23,409
23,415
23,421
23,433
23,436
23,440
23,442
23,445
23,450
23,455
23,457
23,460
23,470
23,489
24,25
24,27
24,30
24,39
24,40
24,42
24,44
24,63
24,66
24,69
24,73
24,78
24,83
24,84
24,85
24,87
24,88
24,99
24,103
24,113
24,115
24,117
24,120
24,121
24,143
24,144
24,146
24,147
24,153
24,154
24,161
24,163
24,165
24,177
24,181
24,193
24,198
24,205
24,209
24,210
24,212
24,215
24,216
24,239
24,242
24,244
24,249
24,251
24,253
24,255
24,258
24,260
24,261
24,266
24,271
24,293
24,294
24,297
24,301
24,303
24,304
24,306
24,317
24,319
24,325
24,336
24,340
24,346
24,348
24,352
24,353
24,367
24,380
24,381
24,382
24,386
24,388
24,389
24,401
24,423
24,432
24,437
24,444
24,445
24,446
24,449
24,451
24,457
24,464
24,469
24,472
24,474
24,482
24,489
24,497
24,498
25,28
25,29
25,30
25,31
25,32
25,33
25,34
25,38
25,42
25,43
25,52
25,56
25,57
25,62
25,67
25,68
25,73
25,76
25,77
25,81
25,94
25,109
25,116
25,121
25,122
25,124
25,130
25,134
25,136
25,138
25,158
25,161
25,163
25,166
25,169
25,170
25,173
25,175
25,210
25,211
25,212
25,214
25,229
25,231
25,233
25,239
25,246
25,253
25,255
25,260
25,262
25,264
25,265
25,272
25,277
25,281
25,288
25,295
25,317
25,324
25,334
25,341
25,347
25,357
25,359
25,361
25,363
25,367
25,374
25,378
25,390
25,392
25,399
25,410
25,411
25,412
25,427
25,441
25,443
25,445
25,450
25,456
25,457
25,459
25,460
25,464
25,477
25,488
25,498
26,31
26,32
26,41
26,46
26,47
26,50
26,56
26,58
26,59
26,62
26,63
26,71
26,76
26,87
26,89
26,101
26,102
26,103
26,106
26,110
26,112
26,118
26,121
26,122
26,127
26,132
26,135
26,142
26,145
26,157
26,159
26,163
26,170
26,178
26,179
26,180
26,190
26,192
26,220
26,222
26,229
26,231
26,238
26,239
26,242
26,243
26,245
26,252
26,253
26,258
26,260
26,262
26,263
26,267
26,271
26,272
26,280
26,288
26,290
26,298
26,301
26,302
26,308
26,312
26,315
26,316
26,322
26,329
26,340
26,341
26,353
26,357
26,360
26,370
26,371
26,382
26,390
26,404
26,405
26,409
26,414
26,440
26,445
26,446
26,450
26,451
26,455
26,457
26,464
26,468
26,469
26,471
26,475
26,479
26,482
26,486
26,492
26,499
27,29
27,30
27,34
27,35
27,36
27,37
27,38
27,42
27,47
27,48
27,55
27,57
27,59
27,62
27,63
27,67
27,69
27,71
27,73
27,79
27,84
27,90
27,104
27,113
27,115
27,119
27,122
27,125
27,126
27,127
27,132
27,134
27,136
27,139
27,140
27,144
27,146
27,151
27,152
27,155
27,159
27,161
27,165
27,167
27,169
27,176
27,177
27,181
27,182
27,183
27,188
27,191
27,192
27,209
27,210
27,221
27,228
27,233
27,243
27,255
27,256
27,259
27,263
27,271
27,284
27,288
27,289
27,293
27,297
27,300
27,301
27,304
27,305
27,308
27,309
27,310
27,317
27,320
27,327
27,332
27,334
27,335
27,344
27,345
27,349
27,350
27,353
27,354
27,355
27,356
27,357
27,374
27,376
27,378
27,381
27,382
27,384
27,389
27,396
27,403
27,404
27,407
27,411
27,412
27,416
27,417
27,418
27,420
27,422
27,424
27,428
27,430
27,434
27,443
27,447
27,476
27,477
27,478
27,482
27,485
27,486
27,488
27,490
27,492
27,495
27,496
28,36
28,40
28,41
28,44
28,48
28,60
28,78
28,81
28,91
28,93
28,96
28,102
28,105
28,110
28,111
28,121
28,129
28,130
28,134
28,140
28,142
28,151
28,166
28,168
28,171
28,181
28,182
28,190
28,204
28,208
28,211
28,213
28,220
28,221
28,227
28,234
28,235
28,244
28,250
28,259
28,260
28,272
28,273
28,276
28,277
28,279
28,285
28,289
28,291
28,292
28,294
28,296
28,314
28,317
28,327
28,331
28,337
28,342
28,343
28,344
28,348
28,363
28,365
28,369
28,375
28,376
28,387
28,393
28,407
28,417
28,419
28,427
28,430
28,431
28,432
28,434
28,435
28,436
28,441
28,443
28,444
28,446
28,449
28,451
28,452
28,480
28,491
28,493
29,30
29,33
29,34
29,47
29,48
29,57
29,60
29,65
29,66
29,69
29,70
29,76
29,79
29,87
29,90
29,102
29,103
29,104
29,116
29,125
29,131
29,134
29,136
29,143
29,148
29,152
29,154
29,157
29,163
29,165
29,170
29,177
29,187
29,193
29,197
29,204
29,213
29,214
29,218
29,222
29,232
29,234
29,245
29,247
29,251
29,252
29,253
29,256
29,262
29,264
29,267
29,268
29,279
29,281
29,283
29,286
29,295
29,296
29,308
29,309
29,310
29,312
29,313
29,314
29,327
29,329
29,335
29,336
29,342
29,345
29,347
29,348
29,350
29,357
29,363
29,373
29,382
29,384
29,389
29,393
29,396
29,398
29,400
29,406
29,410
29,425
29,427
29,431
29,435
29,441
29,443
29,450
29,452
29,453
29,460
29,462
29,464
29,467
29,472
29,477
29,485
29,488
29,489
29,491
29,495
29,497
30,31
30,35
30,36
30,37
30,41
30,42
30,47
30,59
30,64
30,65
30,68
30,80
30,81
30,87
30,91
30,99
30,101
30,117
30,118
30,124
30,131
30,145
30,150
30,154
30,168
30,169
30,171
30,182
30,186
30,188
30,191
30,195
30,197
30,203
30,212
30,213
30,219
30,220
30,222
30,233
30,234
30,247
30,249
30,266
30,269
30,273
30,275
30,277
30,279
30,288
30,291
30,292
30,302
30,303
30,309
30,317
30,318
30,322
30,328
30,330
30,332
30,334
30,339
30,345
30,346
30,358
30,360
30,362
30,363
30,367
30,371
30,387
30,393
30,396
30,406
30,407
30,415
30,421
30,424
30,432
30,433
30,434
30,435
30,444
30,445
30,446
30,452
30,458
30,460
30,465
30,466
30,471
30,473
30,488
30,498
31,40
31,47
31,54
31,60
31,61
31,63
31,66
31,76
31,92
31,94
31,102
31,103
31,105
31,110
31,111
31,113
31,116
31,121
31,126
31,127
31,128
31,131
31,143
31,145
31,146
31,150
31,155
31,157
31,162
31,164
31,167
31,171
31,174
31,177
31,192
31,193
31,201
31,214
31,218
31,221
31,222
31,233
31,234
31,235
31,248
31,256
31,268
31,269
31,270
31,274
31,276
31,277
31,279
31,291
31,300
31,301
31,302
31,303
31,326
31,328
31,339
31,340
31,342
31,344
31,346
31,348
31,357
31,358
31,364
31,365
31,366
31,372
31,376
31,379
31,405
31,422
31,431
31,432
31,452
31,454
31,464
31,465
31,477
31,481
31,487
31,493
31,495
31,497
31,498
31,499
32,37
32,46
32,49
32,51
32,56
32,59
32,62
32,70
32,71
32,77
32,82
32,86
32,89
32,90
32,99
32,100
32,101
32,107
32,111
32,117
32,122
32,128
32,130
32,136
32,143
32,145
32,158
32,160
32,167
32,169
32,173
32,190
32,196
32,198
32,199
32,202
32,204
32,210
32,218
32,220
32,227
32,239
32,241
32,246
32,252
32,263
32,267
32,293
32,304
32,305
32,308
32,316
32,320
32,322
32,323
32,330
32,333
32,341
32,343
32,353
32,354
32,363
32,369
32,370
32,374
32,385
32,398
32,401
32,404
32,409
32,410
32,411
32,413
32,415
32,418
32,424
32,425
32,433
32,436
32,437
32,438
32,440
32,446
32,449
32,451
32,454
32,458
32,462
32,466
32,468
32,470
32,472
32,482
32,483
32,485
32,487
32,491
32,495
33,39
33,45
33,49
33,67
33,70
33,71
33,74
33,75
33,77
33,78
33,81
33,86
33,92
33,94
33,97
33,105
33,106
33,109
33,111
33,112
33,124
33,135
33,136
33,141
33,142
33,149
33,152
33,173
33,176
33,177
33,181
33,186
33,197
33,199
33,200
33,202
33,206
33,212
33,214
33,216
33,221
33,227
33,228
33,232
33,238
33,244
33,245
33,255
33,263
33,264
33,274
33,276
33,283
33,290
33,295
33,300
33,304
33,307
33,308
33,316
33,322
33,337
33,346
33,349
33,350
33,351
33,352
33,354
33,355
33,363
33,366
33,369
33,372
33,377
33,381
33,386
33,389
33,395
33,409
33,411
33,421
33,436
33,438
33,446
33,455
33,458
33,459
33,469
33,487
33,491
33,497
33,498
33,499
34,38
34,43
34,47
34,51
34,60
34,65
34,70
34,81
34,82
34,83
34,86
34,98
34,99
34,114
34,117
34,118
34,121
34,127
34,135
34,136
34,141
34,146
34,150
34,155
34,161
34,164
34,180
34,195
34,196
34,197
34,206
34,218
34,222
34,239
34,247
34,258
34,264
34,280
34,283
34,285
34,290
34,294
34,298
34,300
34,310
34,316
34,326
34,327
34,330
34,358
34,368
34,373
34,375
34,380
34,381
34,385
34,386
34,387
34,394
34,398
34,403
34,414
34,422
34,425
34,453
34,462
34,470
34,472
34,480
34,488
34,497
35,46
35,60
35,62
35,67
35,83
35,84
35,90
35,98
35,106
35,109
35,111
35,119
35,124
35,125
35,134
35,145
35,158
35,159
35,161
35,164
35,165
35,167
35,173
35,176
35,179
35,181
35,184
35,188
35,193
35,198
35,202
35,203
35,205
35,207
35,211
35,221
35,223
35,224
35,227
35,228
35,234
35,239
35,244
35,253
35,267
35,275
35,276
35,279
35,280
35,283
35,286
35,287
35,289
35,293
35,303
35,304
35,306
35,307
35,310
35,313
35,314
35,315
35,320
35,322
35,325
35,336
35,357
35,358
35,375
35,376
35,381
35,382
35,394
35,395
35,409
35,416
35,422
35,424
35,430
35,433
35,436
35,438
35,439
35,440
35,446
35,447
35,449
35,451
35,452
35,455
35,458
35,470
35,474
35,475
35,476
35,479
35,486
35,491
35,493
36,47
36,48
36,49
36,52
36,57
36,69
36,73
36,75
36,83
36,85
36,94
36,95
36,98
36,102
36,117
36,121
36,124
36,127
36,131
36,132
36,134
36,135
36,139
36,140
36,144
36,150
36,152
36,157
36,161
36,162
36,164
36,166
36,167
36,182
36,190
36,192
36,193
36,197
36,202
36,204
36,218
36,220
36,231
36,232
36,239
36,246
36,254
36,255
36,260
36,261
36,263
36,271
36,273
36,276
36,281
36,286
36,294
36,295
36,296
36,297
36,308
36,311
36,312
36,319
36,331
36,338
36,339
36,342
36,350
36,359
36,360
36,370
36,381
36,409
36,423
36,431
36,437
36,452
36,471
36,479
36,489
36,491
36,492
36,499
37,39
37,40
37,48
37,49
37,53
37,55
37,63
37,66
37,71
37,73
37,85
37,89
37,90
37,119
37,126
37,127
37,134
37,140
37,146
37,149
37,150
37,155
37,174
37,175
37,179
37,182
37,188
37,190
37,192
37,196
37,201
37,202
37,217
37,223
37,230
37,233
37,236
37,243
37,262
37,263
37,265
37,270
37,276
37,294
37,304
37,305
37,313
37,314
37,323
37,327
37,328
37,338
37,341
37,351
37,356
37,368
37,372
37,375
37,376
37,378
37,382
37,387
37,388
37,416
37,422
37,423
37,426
37,430
37,434
37,441
37,449
37,451
37,456
37,461
37,471
37,478
37,480
37,481
37,482
37,488
37,491
37,496
38,40
38,41
38,43
38,48
38,49
38,63
38,64
38,70
38,71
38,77
38,79
38,86
38,96
38,99
38,104
38,109
38,112
38,113
38,114
38,120
38,128
38,131
38,137
38,149
38,154
38,160
38,167
38,168
38,170
38,174
38,185
38,190
38,194
38,200
38,205
38,211
38,217
38,234
38,241
38,243
38,250
38,252
38,254
38,262
38,263
38,264
38,271
38,286
38,287
38,316
38,320
38,324
38,325
38,328
38,329
38,335
38,340
38,343
38,347
38,354
38,361
38,364
38,370
38,372
38,378
38,381
38,388
38,394
38,395
38,396
38,401
38,403
38,413
38,416
38,434
38,444
38,447
38,453
38,460
38,465
38,471
38,473
38,487
38,489
38,490
38,495
38,497
39,42
39,46
39,50
39,55
39,58
39,60
39,62
39,63
39,64
39,74
39,86
39,93
39,97
39,101
39,116
39,131
39,158
39,161
39,162
39,165
39,169
39,178
39,183
39,185
39,187
39,188
39,193
39,196
39,211
39,223
39,225
39,238
39,240
39,243
39,249
39,254
39,258
39,260
39,261
39,265
39,268
39,269
39,270
39,274
39,280
39,281
39,288
39,289
39,292
39,296
39,300
39,301
39,302
39,304
39,306
39,307
39,314
39,319
39,328
39,330
39,332
39,333
39,335
39,342
39,349
39,357
39,358
39,362
39,368
39,370
39,375
39,378
39,387
39,390
39,392
39,393
39,394
39,395
39,396
39,399
39,405
39,416
39,418
39,420
39,421
39,423
39,424
39,451
39,453
39,459
39,461
39,465
39,471
39,476
39,490
40,43
40,47
40,55
40,61
40,64
40,65
40,72
40,75
40,76
40,81
40,85
40,95
40,102
40,103
40,111
40,114
40,117
40,119
40,132
40,138
40,139
40,141
40,143
40,144
40,148
40,151
40,156
40,159
40,164
40,172
40,181
40,183
40,191
40,195
40,197
40,198
40,200
40,202
40,204
40,210
40,214
40,215
40,217
40,222
40,230
40,239
40,241
40,253
40,255
40,261
40,266
40,267
40,270
40,271
40,277
40,282
40,283
40,286
40,291
40,296
40,299
40,310
40,317
40,318
40,320
40,321
40,324
40,332
40,336
40,337
40,339
40,343
40,348
40,353
40,355
40,358
40,360
40,362
40,364
40,366
40,367
40,375
40,378
40,379
40,380
40,385
40,387
40,398
40,414
40,416
40,418
40,426
40,429
40,430
40,442
40,445
40,454
40,458
40,464
40,469
40,472
40,474
40,475
40,483
40,487
40,488
40,493
40,495
40,499
41,44
41,47
41,50
41,52
41,59
41,60
41,64
41,70
41,73
41,76
41,84
41,87
41,90
41,92
41,93
41,96
41,100
41,106
41,108
41,114
41,117
41,121
41,128
41,132
41,139
41,147
41,150
41,151
41,154
41,155
41,156
41,159
41,162
41,166
41,171
41,174
41,182
41,189
41,193
41,195
41,202
41,211
41,214
41,223
41,228
41,230
41,234
41,235
41,236
41,240
41,242
41,246
41,251
41,254
41,257
41,266
41,270
41,277
41,290
41,292
41,310
41,316
41,326
41,329
41,330
41,337
41,339
41,347
41,351
41,353
41,372
41,379
41,382
41,383
41,386
41,387
41,396
41,401
41,410
41,438
41,441
41,453
41,454
41,455
41,470
41,484
41,494
42,47
42,55
42,60
42,63
42,70
42,72
42,78
42,79
42,82
42,84
42,101
42,107
42,109
42,111
42,117
42,119
42,121
42,122
42,124
42,125
42,128
42,134
42,137
42,143
42,147
42,148
42,154
42,162
42,163
42,171
42,174
42,180
42,183
42,184
42,188
42,189
42,195
42,197
42,200
42,201
42,203
42,211
42,212
42,215
42,222
42,226
42,235
42,239
42,246
42,255
42,266
42,268
42,274
42,277
42,289
42,293
42,300
42,305
42,327
42,328
42,338
42,341
42,344
42,353
42,356
42,358
42,359
42,361
42,381
42,384
42,387
42,393
42,395
42,404
42,405
42,407
42,411
42,412
42,422
42,423
42,438
42,447
42,451
42,455
42,456
42,458
42,463
42,464
42,465
42,473
42,483
42,488
42,491
43,47
43,57
43,58
43,61
43,68
43,71
43,79
43,88
43,94
43,96
43,104
43,105
43,115
43,117
43,129
43,134
43,137
43,141
43,153
43,155
43,156
43,157
43,177
43,179
43,187
43,191
43,195
43,212
43,217
43,220
43,221
43,222
43,228
43,230
43,232
43,237
43,247
43,249
43,250
43,253
43,260
43,266
43,269
43,271
43,273
43,274
43,278
43,294
43,298
43,316
43,318
43,322
43,332
43,334
43,336
43,340
43,346
43,349
43,352
43,357
43,371
43,375
43,383
43,387
43,388
43,395
43,401
43,402
43,414
43,417
43,420
43,431
43,436
43,440
43,441
43,445
43,471
43,474
43,485
43,492
44,45
44,47
44,57
44,58
44,62
44,71
44,88
44,102
44,107
44,112
44,126
44,129
44,130
44,135
44,140
44,141
44,147
44,149
44,155
44,167
44,180
44,186
44,191
44,192
44,194
44,195
44,203
44,208
44,212
44,215
44,220
44,222
44,225
44,229
44,233
44,241
44,251
44,254
44,255
44,256
44,258
44,259
44,268
44,277
44,280
44,284
44,287
44,288
44,292
44,303
44,304
44,311
44,313
44,323
44,327
44,340
44,343
44,346
44,348
44,358
44,359
44,371
44,377
44,382
44,383
44,411
44,416
44,417
44,424
44,426
44,435
44,449
44,457
44,462
44,463
44,472
44,477
44,479
44,481
44,492
44,497
45,47
45,55
45,58
45,60
45,64
45,69
45,71
45,80
45,81
45,91
45,97
45,108
45,109
45,110
45,111
45,112
45,114
45,117
45,123
45,128
45,137
45,145
45,148
45,162
45,167
45,174
45,183
45,185
45,189
45,190
45,207
45,210
45,217
45,218
45,236
45,242
45,243
45,249
45,254
45,257
45,264
45,267
45,269
45,274
45,279
45,288
45,298
45,300
45,301
45,306
45,308
45,316
45,321
45,326
45,327
45,328
45,329
45,332
45,333
45,336
45,338
45,339
45,349
45,351
45,353
45,355
45,364
45,368
45,372
45,379
45,381
45,384
45,390
45,392
45,394
45,399
45,400
45,402
45,405
45,406
45,409
45,414
45,416
45,427
45,431
45,432
45,434
45,437
45,438
45,439
45,442
45,447
45,450
45,453
45,456
45,458
45,465
45,468
45,473
45,482
45,488
45,494
45,497
46,51
46,55
46,66
46,80
46,100
46,108
46,126
46,127
46,131
46,133
46,135
46,139
46,142
46,149
46,158
46,160
46,168
46,175
46,177
46,179
46,182
46,186
46,188
46,191
46,207
46,208
46,209
46,220
46,226
46,227
46,228
46,232
46,238
46,240
46,246
46,250
46,254
46,270
46,271
46,283
46,287
46,288
46,290
46,294
46,301
46,315
46,319
46,338
46,340
46,346
46,347
46,349
46,365
46,379
46,383
46,392
46,406
46,411
46,413
46,415
46,422
46,434
46,439
46,441
46,444
46,446
46,458
46,461
46,463
46,469
46,473
46,475
46,482
46,483
46,484
46,485
46,486
46,489
46,492
46,494
46,495
47,51
47,57
47,58
47,60
47,71
47,77
47,79
47,81
47,89
47,90
47,97
47,107
47,112
47,119
47,125
47,126
47,128
47,134
47,136
47,137
47,143
47,144
47,148
47,151
47,160
47,166
47,178
47,179
47,183
47,185
47,190
47,194
47,196
47,200
47,203
47,209
47,220
47,223
47,227
47,230
47,232
47,234
47,237
47,238
47,241
47,244
47,245
47,246
47,252
47,262
47,266
47,277
47,281
47,286
47,303
47,310
47,311
47,312
47,314
47,316
47,335
47,340
47,341
47,357
47,362
47,363
47,372
47,373
47,405
47,407
47,409
47,410
47,414
47,419
47,422
47,430
47,431
47,434
47,438
47,443
47,461
47,462
47,464
47,466
47,468
47,471
47,478
47,481
47,483
48,51
48,54
48,55
48,58
48,61
48,64
48,71
48,82
48,84
48,94
48,105
48,108
48,109
48,112
48,113
48,122
48,125
48,129
48,136
48,147
48,152
48,154
48,157
48,167
48,169
48,173
48,174
48,183
48,190
48,193
48,196
48,200
48,211
48,212
48,220
48,223
48,227
48,235
48,241
48,243
48,262
48,264
48,269
48,284
48,288
48,290
48,293
48,298
48,301
48,303
48,306
48,329
48,333
48,344
48,359
48,365
48,377
48,379
48,382
48,389
48,391
48,393
48,405
48,409
48,413
48,422
48,424
48,426
48,429
48,433
48,442
48,445
48,446
48,447
48,449
48,450
48,453
48,471
48,479
48,488
48,497
49,70
49,96
49,99
49,102
49,103
49,106
49,113
49,124
49,131
49,132
49,138
49,140
49,142
49,143
49,152
49,153
49,154
49,163
49,164
49,166
49,168
49,169
49,178
49,188
49,189
49,203
49,205
49,217
49,220
49,226
49,233
49,236
49,238
49,242
49,245
49,246
49,248
49,250
49,254
49,258
49,260
49,261
49,264
49,269
49,270
49,272
49,276
49,278
49,285
49,286
49,288
49,297
49,301
49,314
49,330
49,331
49,344
49,357
49,362
49,365
49,371
49,374
49,377
49,380
49,385
49,388
49,390
49,399
49,406
49,407
49,412
49,414
49,417
49,418
49,430
49,439
49,440
49,442
49,455
49,460
49,472
49,473
49,477
49,487
49,491
49,499
50,64
50,72
50,77
50,81
50,87
50,97
50,98
50,111
50,115
50,126
50,127
50,133
50,139
50,141
50,144
50,160
50,171
50,177
50,182
50,190
50,196
50,197
50,201
50,203
50,205
50,208
50,215
50,219
50,226
50,228
50,232
50,236
50,241
50,243
50,245
50,254
50,261
50,265
50,272
50,273
50,287
50,291
50,301
50,322
50,331
50,334
50,338
50,343
50,349
50,365
50,372
50,384
50,387
50,395
50,409
50,412
50,415
50,422
50,431
50,440
50,442
50,443
50,446
50,448
50,449
50,458
50,466
50,474
50,479
50,482
50,492
50,493
51,55
51,56
51,59
51,66
51,70
51,100
51,112
51,125
51,130
51,133
51,140
51,141
51,146
51,159
51,165
51,166
51,171
51,173
51,175
51,179
51,183
51,192
51,202
51,210
51,212
51,215
51,219
51,223
51,229
51,230
51,241
51,242
51,246
51,252
51,280
51,281
51,288
51,290
51,305
51,306
51,314
51,317
51,330
51,332
51,350
51,356
51,367
51,375
51,376
51,381
51,383
51,388
51,389
51,400
51,401
51,407
51,408
51,424
51,425
51,433
51,438
51,442
51,443
51,450
51,461
51,468
51,476
51,484
51,495
51,497
51,498
51,499
52,55
52,60
52,62
52,68
52,70
52,72
52,73
52,75
52,78
52,92
52,103
52,117
52,124
52,127
52,129
52,139
52,140
52,144
52,148
52,150
52,151
52,156
52,157
52,162
52,163
52,167
52,168
52,171
52,178
52,179
52,182
52,194
52,195
52,201
52,205
52,207
52,208
52,217
52,218
52,220
52,227
52,234
52,236
52,245
52,249
52,252
52,259
52,262
52,264
52,266
52,270
52,271
52,272
52,276
52,277
52,283
52,292
52,293
52,296
52,300
52,324
52,326
52,335
52,337
52,342
52,343
52,345
52,347
52,358
52,370
52,384
52,385
52,390
52,400
52,405
52,407
52,413
52,417
52,426
52,427
52,430
52,434
52,443
52,451
52,455
52,457
52,461
52,495
53,58
53,64
53,76
53,83
53,111
53,119
53,129
53,146
53,156
53,164
53,176
53,178
53,181
53,184
53,211
53,219
53,222
53,230
53,250
53,253
53,255
53,257
53,276
53,292
53,294
53,300
53,304
53,309
53,323
53,333
53,335
53,336
53,353
53,355
53,356
53,357
53,359
53,365
53,385
53,390
53,396
53,399
53,402
53,436
53,440
53,447
53,450
53,451
53,452
53,464
53,470
53,485
53,492
54,55
54,57
54,59
54,60
54,69
54,71
54,77
54,86
54,88
54,89
54,100
54,103
54,105
54,108
54,115
54,119
54,123
54,131
54,133
54,134
54,136
54,140
54,146
54,152
54,154
54,156
54,158
54,160
54,170
54,178
54,182
54,186
54,190
54,193
54,194
54,200
54,203
54,207
54,208
54,219
54,220
54,229
54,232
54,234
54,238
54,243
54,244
54,257
54,258
54,262
54,267
54,272
54,275
54,287
54,302
54,303
54,309
54,310
54,317
54,321
54,324
54,325
54,334
54,338
54,339
54,341
54,342
54,345
54,351
54,355
54,361
54,366
54,367
54,372
54,376
54,379
54,386
54,393
54,394
54,395
54,415
54,428
54,437
54,438
54,439
54,443
54,449
54,456
54,457
54,461
54,469
54,473
54,474
54,477
54,479
54,483
54,489
54,491
55,57
55,70
55,73
55,76
55,77
55,92
55,93
55,94
55,100
55,102
55,106
55,110
55,113
55,116
55,122
55,128
55,129
55,131
55,132
55,134
55,137
55,140
55,143
55,146
55,147
55,162
55,165
55,167
55,168
55,169
55,170
55,173
55,182
55,183
55,184
55,186
55,187
55,193
55,207
55,210
55,212
55,216
55,221
55,223
55,242
55,248
55,252
55,253
55,256
55,264
55,265
55,268
55,275
55,276
55,277
55,299
55,306
55,309
55,315
55,317
55,318
55,323
55,329
55,330
55,333
55,337
55,343
55,348
55,349
55,352
55,353
55,355
55,356
55,358
55,363
55,367
55,370
55,371
55,377
55,378
55,388
55,399
55,401
55,404
55,413
55,423
55,435
55,442
55,444
55,450
55,451
55,455
55,456
55,457
55,458
55,459
55,460
55,461
55,464
55,466
55,467
55,472
55,480
55,484
55,490
55,493
55,495
55,498
56,59
56,62
56,68
56,70
56,72
56,77
56,80
56,81
56,83
56,85
56,89
56,90
56,94
56,99
56,107
56,109
56,115
56,117
56,119
56,123
56,124
56,125
56,130
56,132
56,137
56,141
56,142
56,144
56,145
56,150
56,151
56,153
56,163
56,173
56,176
56,189
56,193
56,196
56,199
56,207
56,212
56,216
56,218
56,224
56,229
56,230
56,248
56,255
56,264
56,269
56,271
56,278
56,279
56,284
56,285
56,288
56,289
56,290
56,292
56,293
56,294
56,298
56,306
56,316
56,319
56,320
56,324
56,325
56,337
56,339
56,342
56,350
56,354
56,355
56,358
56,363
56,372
56,373
56,376
56,377
56,386
56,391
56,398
56,403
56,405
56,418
56,425
56,427
56,430
56,433
56,434
56,442
56,446
56,453
56,458
56,467
56,476
56,481
56,483
56,484
56,485
56,486
56,490
57,66
57,72
57,81
57,92
57,94
57,96
57,97
57,99
57,108
57,109
57,112
57,124
57,127
57,133
57,136
57,145
57,147
57,153
57,154
57,158
57,163
57,180
57,194
57,197
57,201
57,202
57,210
57,211
57,212
57,214
57,218
57,233
57,237
57,248
57,249
57,252
57,253
57,254
57,256
57,259
57,264
57,266
57,269
57,270
57,276
57,282
57,284
57,289
57,297
57,312
57,314
57,321
57,325
57,332
57,337
57,341
57,345
57,347
57,352
57,362
57,366
57,368
57,378
57,384
57,388
57,395
57,396
57,398
57,401
57,412
57,420
57,425
57,428
57,440
57,456
57,459
57,462
57,463
57,470
57,474
57,481
57,482
57,488
57,497
58,59
58,63
58,73
58,75
58,77
58,83
58,84
58,85
58,92
58,97
58,98
58,101
58,107
58,111
58,122
58,138
58,148
58,149
58,156
58,157
58,159
58,161
58,163
58,171
58,173
58,178
58,179
58,188
58,192
58,194
58,197
58,199
58,201
58,205
58,208
58,218
58,227
58,236
58,238
58,240
58,247
58,252
58,253
58,254
58,262
58,265
58,266
58,271
58,274
58,276
58,279
58,284
58,285
58,287
58,297
58,299
58,303
58,306
58,315
58,326
58,340
58,345
58,354
58,358
58,360
58,363
58,366
58,372
58,373
58,374
58,376
58,380
58,384
58,387
58,411
58,420
58,425
58,438
58,445
58,447
58,448
58,456
58,458
58,460
58,461
58,493
58,495
59,60
59,62
59,70
59,74
59,75
59,85
59,86
59,88
59,91
59,98
59,102
59,103
59,104
59,105
59,116
59,121
59,131
59,133
59,135
59,137
59,149
59,151
59,157
59,173
59,185
59,189
59,190
59,192
59,202
59,205
59,211
59,214
59,217
59,220
59,236
59,249
59,250
59,253
59,259
59,264
59,265
59,267
59,268
59,270
59,280
59,284
59,285
59,286
59,289
59,303
59,318
59,319
59,323
59,359
59,361
59,364
59,370
59,372
59,375
59,377
59,378
59,385
59,387
59,392
59,407
59,408
59,412
59,420
59,422
59,424
59,436
59,442
59,449
59,450
59,462
59,464
59,489
59,494
59,496
60,61
60,71
60,81
60,89
60,95
60,97
60,100
60,103
60,105
60,108
60,111
60,115
60,126
60,136
60,145
60,146
60,147
60,153
60,155
60,159
60,173
60,177
60,193
60,194
60,202
60,205
60,207
60,214
60,221
60,222
60,236
60,237
60,245
60,246
60,249
60,255
60,256
60,268
60,271
60,273
60,287
60,290
60,292
60,296
60,303
60,309
60,315
60,321
60,331
60,332
60,334
60,335
60,336
60,350
60,351
60,352
60,353
60,370
60,374
60,376
60,387
60,391
60,392
60,394
60,395
60,398
60,400
60,403
60,404
60,413
60,415
60,418
60,420
60,431
60,432
60,438
60,440
60,441
60,456
60,459
60,460
60,463
60,464
60,467
60,485
60,486
60,496
60,498
61,63
61,70
61,75
61,101
61,106
61,107
61,118
61,121
61,127
61,140
61,151
61,156
61,159
61,166
61,172
61,174
61,180
61,182
61,186
61,188
61,189
61,191
61,194
61,205
61,212
61,213
61,218
61,219
61,220
61,243
61,245
61,254
61,257
61,259
61,260
61,262
61,267
61,272
61,277
61,279
61,292
61,295
61,299
61,301
61,302
61,307
61,332
61,335
61,340
61,342
61,347
61,352
61,354
61,362
61,364
61,371
61,372
61,379
61,381
61,385
61,386
61,389
61,392
61,396
61,402
61,404
61,407
61,408
61,409
61,410
61,417
61,431
61,436
61,443
61,444
61,446
61,447
61,458
61,468
61,471
61,473
61,478
61,489
61,490
61,495
61,498
62,65
62,67
62,75
62,76
62,79
62,80
62,81
62,85
62,91
62,101
62,102
62,117
62,123
62,130
62,145
62,149
62,153
62,157
62,167
62,171
62,175
62,177
62,184
62,186
62,193
62,194
62,209
62,210
62,227
62,238
62,239
62,242
62,250
62,255
62,257
62,260
62,263
62,270
62,285
62,293
62,297
62,299
62,301
62,305
62,323
62,328
62,332
62,334
62,338
62,341
62,343
62,344
62,351
62,354
62,359
62,363
62,369
62,371
62,377
62,380
62,395
62,397
62,399
62,400
62,402
62,409
62,415
62,418
62,421
62,433
62,437
62,438
62,440
62,443
62,445
62,449
62,450
62,453
62,458
62,471
62,473
62,483
62,484
62,491
62,492
63,64
63,76
63,86
63,88
63,90
63,91
63,101
63,103
63,106
63,110
63,111
63,115
63,120
63,124
63,135
63,139
63,141
63,142
63,145
63,148
63,150
63,152
63,161
63,165
63,166
63,171
63,178
63,182
63,184
63,185
63,193
63,194
63,199
63,200
63,201
63,203
63,204
63,209
63,212
63,214
63,215
63,216
63,240
63,245
63,247
63,254
63,255
63,257
63,258
63,280
63,308
63,313
63,318
63,321
63,322
63,325
63,332
63,334
63,335
63,339
63,341
63,348
63,349
63,358
63,365
63,372
63,375
63,381
63,385
63,401
63,405
63,406
63,407
63,435
63,436
63,442
63,451
63,452
63,453
63,457
63,461
63,467
63,482
63,483
63,486
63,490
63,491
64,68
64,71
64,79
64,89
64,107
64,110
64,111
64,117
64,124
64,130
64,138
64,146
64,148
64,155
64,163
64,164
64,183
64,184
64,187
64,195
64,198
64,201
64,210
64,213
64,222
64,235
64,247
64,274
64,278
64,295
64,297
64,299
64,305
64,306
64,308
64,314
64,318
64,324
64,325
64,337
64,339
64,341
64,348
64,352
64,362
64,366
64,367
64,369
64,374
64,377
64,379
64,382
64,398
64,417
64,418
64,426
64,428
64,429
64,442
64,444
64,449
64,451
64,457
64,462
64,467
64,472
64,478
64,479
64,483
64,484
64,487
64,491
64,495
64,496
64,497
65,66
65,71
65,73
65,77
65,80
65,82
65,92
65,95
65,96
65,101
65,103
65,105
65,106
65,109
65,116
65,120
65,122
65,124
65,126
65,127
65,134
65,137
65,143
65,144
65,146
65,150
65,151
65,152
65,154
65,156
65,161
65,170
65,175
65,178
65,182
65,184
65,186
65,187
65,188
65,190
65,195
65,197
65,199
65,200
65,205
65,209
65,210
65,221
65,222
65,224
65,226
65,229
65,232
65,233
65,236
65,241
65,252
65,254
65,256
65,264
65,265
65,269
65,286
65,295
65,299
65,309
65,312
65,323
65,324
65,332
65,340
65,341
65,342
65,343
65,354
65,362
65,371
65,377
65,389
65,391
65,393
65,396
65,398
65,407
65,420
65,424
65,426
65,430
65,436
65,438
65,441
65,443
65,455
65,459
65,461
65,462
65,463
65,466
65,475
65,487
65,492
65,494
66,74
66,76
66,80
66,81
66,83
66,92
66,99
66,105
66,106
66,113
66,117
66,118
66,121
66,122
66,125
66,149
66,150
66,157
66,158
66,164
66,170
66,177
66,179
66,183
66,186
66,192
66,199
66,203
66,207
66,218
66,220
66,221
66,222
66,238
66,249
66,252
66,258
66,259
66,262
66,268
66,278
66,279
66,281
66,282
66,285
66,287
66,289
66,296
66,298
66,300
66,310
66,315
66,322
66,323
66,324
66,336
66,337
66,348
66,353
66,354
66,355
66,363
66,369
66,372
66,373
66,375
66,376
66,385
66,407
66,409
66,416
66,417
66,418
66,422
66,423
66,429
66,431
66,437
66,441
66,444
66,450
66,458
66,468
66,469
66,476
66,488
67,79
67,87
67,91
67,96
67,98
67,100
67,115
67,116
67,122
67,133
67,135
67,138
67,149
67,150
67,155
67,158
67,173
67,175
67,180
67,185
67,190
67,194
67,195
67,217
67,222
67,223
67,234
67,235
67,237
67,248
67,256
67,260
67,270
67,286
67,293
67,299
67,300
67,304
67,305
67,307
67,314
67,320
67,325
67,331
67,332
67,338
67,339
67,376
67,385
67,386
67,391
67,393
67,404
67,408
67,409
67,414
67,420
67,427
67,432
67,443
67,452
67,453
67,461
67,462
67,471
67,475
67,476
67,477
67,478
67,479
67,480
67,487
68,71
68,83
68,86
68,89
68,105
68,115
68,118
68,121
68,123
68,131
68,134
68,141
68,142
68,143
68,146
68,147
68,157
68,164
68,165
68,169
68,178
68,183
68,184
68,185
68,192
68,193
68,204
68,206
68,215
68,238
68,243
68,249
68,265
68,266
68,267
68,268
68,271
68,272
68,275
68,278
68,281
68,286
68,293
68,295
68,296
68,301
68,302
68,321
68,331
68,332
68,344
68,347
68,353
68,358
68,360
68,369
68,372
68,383
68,387
68,398
68,404
68,405
68,415
68,416
68,428
68,432
68,436
68,442
68,451
68,452
68,453
68,454
68,456
68,457
68,460
68,463
68,465
68,469
68,474
68,475
68,477
68,480
68,481
68,484
68,491
69,77
69,79
69,83
69,86
69,98
69,109
69,113
69,117
69,122
69,135
69,136
69,138
69,140
69,145
69,153
69,157
69,172
69,181
69,183
69,187
69,188
69,193
69,203
69,205
69,209
69,215
69,216
69,229
69,242
69,247
69,250
69,251
69,253
69,258
69,269
69,271
69,279
69,280
69,284
69,290
69,291
69,292
69,295
69,296
69,297
69,298
69,299
69,303
69,316
69,326
69,328
69,333
69,334
69,342
69,345
69,351
69,353
69,359
69,368
69,370
69,395
69,396
69,401
69,408
69,413
69,420
69,436
69,437
69,455
69,456
69,468
69,488
69,498
70,77
70,87
70,88
70,96
70,99
70,104
70,105
70,107
70,108
70,109
70,110
70,111
70,112
70,114
70,120
70,129
70,131
70,135
70,136
70,141
70,145
70,154
70,161
70,162
70,165
70,168
70,172
70,176
70,179
70,181
70,183
70,189
70,193
70,198
70,206
70,212
70,216
70,220
70,230
70,233
70,235
70,237
70,254
70,257
70,258
70,259
70,261
70,264
70,269
70,279
70,283
70,289
70,290
70,298
70,307
70,313
70,318
70,320
70,321
70,326
70,329
70,333
70,334
70,339
70,340
70,349
70,351
70,352
70,356
70,361
70,363
70,370
70,376
70,408
70,410
70,414
70,419
70,423
70,429
70,431
70,432
70,436
70,443
70,444
70,452
70,453
70,455
70,458
70,460
70,473
70,478
70,480
70,489
70,491
70,493
70,496
70,498
70,499
71,73
71,77
71,78
71,81
71,82
71,88
71,90
71,92
71,95
71,100
71,101
71,106
71,110
71,117
71,118
71,123
71,136
71,137
71,139
71,141
71,145
71,156
71,159
71,160
71,163
71,164
71,168
71,170
71,172
71,173
71,178
71,184
71,185
71,192
71,194
71,203
71,211
71,214
71,219
71,221
71,223
71,233
71,247
71,253
71,254
71,259
71,261
71,275
71,285
71,289
71,302
71,306
71,308
71,312
71,314
71,316
71,322
71,323
71,324
71,328
71,331
71,336
71,338
71,347
71,352
71,354
71,360
71,363
71,365
71,380
71,381
71,389
71,393
71,397
71,400
71,402
71,406
71,408
71,411
71,416
71,419
71,436
71,437
71,440
71,449
71,454
71,455
71,456
71,457
71,465
71,469
71,473
71,474
71,476
71,482
71,489
71,492
72,76
72,80
72,94
72,98
72,103
72,108
72,109
72,110
72,112
72,116
72,119
72,120
72,125
72,126
72,127
72,134
72,137
72,147
72,157
72,159
72,172
72,181
72,183
72,186
72,197
72,206
72,207
72,208
72,217
72,222
72,223
72,227
72,229
72,234
72,236
72,239
72,240
72,248
72,251
72,254
72,259
72,260
72,275
72,286
72,293
72,295
72,297
72,298
72,306
72,307
72,308
72,310
72,320
72,322
72,325
72,327
72,329
72,332
72,334
72,340
72,343
72,344
72,349
72,352
72,353
72,355
72,358
72,362
72,363
72,367
72,372
72,378
72,385
72,386
72,390
72,393
72,396
72,397
72,399
72,400
72,401
72,405
72,406
72,407
72,413
72,441
72,443
72,449
72,460
72,462
72,466
72,468
72,469
72,472
72,479
72,483
72,485
72,489
72,495
72,497
73,79
73,81
73,85
73,87
73,88
73,90
73,91
73,100
73,110
73,114
73,120
73,121
73,128
73,136
73,157
73,159
73,171
73,178
73,182
73,185
73,186
73,196
73,203
73,207
73,215
73,217
73,220
73,225
73,227
73,228
73,231
73,237
73,238
73,249
73,251
73,253
73,260
73,263
73,272
73,273
73,277
73,278
73,280
73,295
73,310
73,313
73,315
73,316
73,323
73,324
73,333
73,335
73,337
73,341
73,347
73,351
73,354
73,355
73,357
73,368
73,371
73,373
73,378
73,394
73,396
73,407
73,408
73,409
73,415
73,418
73,421
73,422
73,434
73,439
73,447
73,455
73,458
73,460
73,461
73,464
73,465
73,467
73,469
73,472
73,477
73,481
73,490
73,491
73,496
74,83
74,86
74,87
74,90
74,92
74,93
74,97
74,98
74,99
74,112
74,117
74,119
74,126
74,130
74,138
74,143
74,152
74,154
74,157
74,166
74,180
74,190
74,191
74,193
74,195
74,199
74,202
74,211
74,221
74,225
74,227
74,231
74,234
74,243
74,245
74,246
74,248
74,252
74,255
74,256
74,259
74,260
74,266
74,279
74,280
74,281
74,284
74,287
74,295
74,297
74,321
74,323
74,324
74,327
74,328
74,329
74,330
74,332
74,341
74,363
74,364
74,366
74,367
74,371
74,380
74,384
74,387
74,393
74,395
74,401
74,405
74,408
74,416
74,421
74,423
74,424
74,426
74,428
74,440
74,444
74,449
74,451
74,465
74,477
74,481
74,485
74,486
74,494
74,495
74,499
75,77
75,79
75,89
75,100
75,101
75,102
75,104
75,112
75,113
75,123
75,124
75,129
75,133
75,138
75,149
75,154
75,162
75,167
75,172
75,175
75,176
75,185
75,188
75,202
75,207
75,218
75,248
75,249
75,251
75,252
75,255
75,259
75,261
75,267
75,275
75,276
75,277
75,278
75,282
75,286
75,290
75,292
75,303
75,307
75,310
75,314
75,329
75,332
75,334
75,335
75,338
75,344
75,351
75,359
75,365
75,369
75,370
75,373
75,376
75,381
75,386
75,390
75,393
75,396
75,409
75,415
75,428
75,430
75,432
75,435
75,441
75,445
75,452
75,457
75,458
75,462
75,471
75,474
75,475
75,479
75,481
75,482
75,486
75,489
76,77
76,81
76,83
76,96
76,97
76,99
76,100
76,108
76,110
76,111
76,120
76,124
76,125
76,132
76,135
76,136
76,151
76,154
76,163
76,164
76,167
76,177
76,186
76,194
76,195
76,199
76,202
76,204
76,211
76,214
76,217
76,219
76,224
76,226
76,227
76,236
76,238
76,239
76,248
76,253
76,263
76,264
76,265
76,266
76,268
76,275
76,278
76,288
76,293
76,295
76,296
76,297
76,299
76,301
76,304
76,305
76,307
76,308
76,310
76,314
76,315
76,316
76,319
76,320
76,336
76,339
76,341
76,349
76,363
76,367
76,369
76,375
76,376
76,377
76,379
76,381
76,382
76,384
76,387
76,388
76,389
76,394
76,404
76,406
76,407
76,408
76,410
76,412
76,418
76,420
76,428
76,434
76,440
76,447
76,450
76,456
76,458
76,459
76,469
76,474
76,477
76,481
76,484
76,488
76,490
76,491
76,495
76,497
76,499
77,80
77,81
77,85
77,86
77,87
77,89
77,91
77,98
77,105
77,107
77,111
77,115
77,119
77,121
77,125
77,133
77,135
77,148
77,164
77,166
77,172
77,174
77,177
77,180
77,186
77,187
77,190
77,193
77,197
77,202
77,210
77,219
77,238
77,248
77,252
77,253
77,255
77,259
77,260
77,278
77,289
77,290
77,291
77,294
77,295
77,298
77,299
77,305
77,306
77,316
77,319
77,321
77,322
77,327
77,330
77,332
77,338
77,339
77,352
77,353
77,358
77,363
77,366
77,367
77,372
77,375
77,380
77,382
77,402
77,405
77,415
77,416
77,424
77,428
77,443
77,444
77,445
77,458
77,468
77,487
77,488
77,491
77,494
78,81
78,82
78,85
78,91
78,114
78,124
78,126
78,130
78,138
78,140
78,147
78,157
78,158
78,160
78,161
78,165
78,171
78,172
78,174
78,177
78,181
78,182
78,189
78,194
78,209
78,224
78,227
78,228
78,236
78,246
78,252
78,253
78,257
78,258
78,263
78,264
78,266
78,283
78,284
78,286
78,289
78,298
78,308
78,309
78,313
78,315
78,321
78,323
78,334
78,335
78,336
78,342
78,353
78,355
78,356
78,357
78,358
78,368
78,370
78,377
78,381
78,391
78,395
78,405
78,407
78,408
78,411
78,415
78,423
78,431
78,440
78,454
78,472
78,478
78,484
78,485
78,496
78,499
79,80
79,81
79,90
79,93
79,98
79,103
79,109
79,111
79,112
79,116
79,121
79,133
79,138
79,143
79,144
79,156
79,161
79,170
79,174
79,176
79,178
79,180
79,198
79,208
79,212
79,216
79,224
79,232
79,239
79,247
79,261
79,267
79,271
79,272
79,275
79,279
79,280
79,281
79,282
79,286
79,300
79,304
79,306
79,307
79,314
79,318
79,325
79,327
79,334
79,337
79,341
79,346
79,348
79,350
79,352
79,360
79,364
79,370
79,374
79,383
79,386
79,388
79,389
79,390
79,396
79,397
79,406
79,410
79,422
79,427
79,431
79,437
79,442
79,444
79,447
79,449
79,455
79,469
79,470
79,472
79,481
79,497
80,83
80,87
80,92
80,93
80,99
80,104
80,111
80,120
80,121
80,126
80,128
80,132
80,140
80,146
80,149
80,151
80,154
80,163
80,181
80,184
80,187
80,192
80,194
80,201
80,207
80,219
80,220
80,222
80,229
80,246
80,256
80,257
80,259
80,264
80,267
80,268
80,275
80,286
80,294
80,295
80,298
80,304
80,310
80,312
80,327
80,334
80,347
80,348
80,355
80,371
80,378
80,381
80,396
80,398
80,406
80,408
80,412
80,415
80,435
80,437
80,442
80,445
80,450
80,451
80,454
80,455
80,461
80,464
80,465
80,468
80,473
80,485
80,498
81,83
81,87
81,89
81,92
81,94
81,98
81,104
81,111
81,114
81,119
81,123
81,145
81,150
81,152
81,153
81,161
81,168
81,170
81,172
81,173
81,177
81,178
81,179
81,197
81,199
81,201
81,202
81,203
81,204
81,207
81,212
81,229
81,236
81,240
81,241
81,268
81,270
81,277
81,287
81,290
81,304
81,308
81,315
81,321
81,336
81,338
81,349
81,370
81,371
81,373
81,388
81,404
81,407
81,412
81,416
81,417
81,424
81,425
81,427
81,436
81,444
81,450
81,455
81,466
81,470
81,484
81,488
81,489
81,492
82,83
82,86
82,90
82,94
82,95
82,98
82,102
82,112
82,113
82,121
82,122
82,132
82,142
82,143
82,148
82,152
82,163
82,169
82,171
82,172
82,174
82,183
82,188
82,193
82,199
82,200
82,209
82,213
82,216
82,225
82,228
82,230
82,236
82,238
82,242
82,243
82,246
82,249
82,255
82,262
82,263
82,283
82,288
82,294
82,297
82,300
82,302
82,307
82,309
82,314
82,326
82,327
82,330
82,334
82,338
82,350
82,357
82,361
82,362
82,364
82,368
82,375
82,377
82,387
82,393
82,394
82,398
82,408
82,415
82,418
82,435
82,439
82,443
82,444
82,448
82,451
82,458
82,463
82,468
82,473
82,479
82,493
82,499
83,85
83,89
83,91
83,95
83,96
83,97
83,98
83,113
83,119
83,126
83,128
83,137
83,140
83,143
83,144
83,147
83,149
83,157
83,160
83,165
83,169
83,170
83,174
83,179
83,183
83,189
83,191
83,192
83,196
83,197
83,200
83,205
83,207
83,211
83,212
83,213
83,215
83,222
83,223
83,229
83,232
83,238
83,241
83,250
83,251
83,253
83,258
83,259
83,261
83,266
83,269
83,272
83,277
83,284
83,290
83,293
83,297
83,301
83,307
83,310
83,315
83,316
83,317
83,319
83,326
83,329
83,332
83,334
83,337
83,343
83,344
83,345
83,347
83,349
83,356
83,361
83,366
83,370
83,374
83,376
83,384
83,399
83,402
83,403
83,405
83,406
83,410
83,411
83,415
83,420
83,422
83,427
83,428
83,429
83,433
83,434
83,435
83,449
83,453
83,462
83,468
83,469
83,470
83,476
83,490
83,494
83,496
84,85
84,108
84,122
84,130
84,137
84,148
84,153
84,157
84,168
84,171
84,176
84,185
84,187
84,188
84,189
84,193
84,194
84,196
84,210
84,211
84,214
84,218
84,219
84,225
84,230
84,236
84,237
84,242
84,245
84,249
84,261
84,262
84,268
84,269
84,282
84,285
84,289
84,290
84,296
84,301
84,304
84,309
84,314
84,318
84,320
84,324
84,325
84,334
84,337
84,339
84,344
84,349
84,355
84,356
84,362
84,364
84,367
84,370
84,386
84,387
84,393
84,394
84,400
84,401
84,402
84,403
84,409
84,418
84,423
84,437
84,443
84,445
84,454
84,456
84,457
84,460
84,462
84,468
84,472
84,480
84,491
84,497
85,87
85,89
85,94
85,98
85,103
85,105
85,111
85,118
85,120
85,126
85,132
85,135
85,147
85,148
85,160
85,167
85,168
85,171
85,173
85,189
85,206
85,218
85,220
85,222
85,225
85,237
85,241
85,249
85,252
85,257
85,271
85,277
85,280
85,285
85,286
85,295
85,306
85,307
85,310
85,321
85,322
85,333
85,337
85,355
85,357
85,358
85,360
85,371
85,385
85,386
85,390
85,393
85,394
85,398
85,400
85,407
85,410
85,412
85,420
85,443
85,465
85,471
85,480
85,483
85,486
85,487
85,488
85,490
85,492
86,99
86,101
86,102
86,105
86,113
86,114
86,115
86,125
86,130
86,135
86,138
86,140
86,143
86,164
86,168
86,171
86,172
86,178
86,179
86,185
86,186
86,189
86,193
86,205
86,206
86,210
86,211
86,212
86,215
86,219
86,221
86,227
86,232
86,234
86,250
86,253
86,263
86,272
86,276
86,277
86,283
86,287
86,296
86,301
86,312
86,313
86,314
86,315
86,320
86,324
86,329
86,334
86,340
86,343
86,354
86,356
86,367
86,373
86,379
86,382
86,392
86,398
86,412
86,413
86,419
86,421
86,422
86,423
86,425
86,429
86,433
86,435
86,438
86,444
86,446
86,449
86,452
86,456
86,465
86,472
86,479
86,490
86,493
86,498
86,499
87,94
87,95
87,98
87,107
87,108
87,109
87,119
87,129
87,130
87,131
87,132
87,135
87,136
87,137
87,140
87,149
87,151
87,152
87,154
87,156
87,157
87,169
87,173
87,174
87,177
87,178
87,180
87,181
87,182
87,183
87,184
87,189
87,202
87,204
87,210
87,213
87,221
87,224
87,226
87,227
87,232
87,238
87,246
87,250
87,253
87,254
87,257
87,258
87,260
87,262
87,264
87,265
87,266
87,271
87,276
87,278
87,281
87,282
87,290
87,292
87,293
87,298
87,299
87,300
87,304
87,305
87,318
87,324
87,325
87,331
87,332
87,348
87,349
87,352
87,357
87,360
87,371
87,374
87,380
87,388
87,391
87,400
87,427
87,428
87,430
87,432
87,439
87,440
87,443
87,444
87,446
87,450
87,452
87,463
87,465
87,466
87,467
87,481
87,488
87,489
87,493
87,494
88,90
88,93
88,95
88,99
88,103
88,109
88,117
88,122
88,134
88,139
88,140
88,154
88,155
88,162
88,169
88,174
88,178
88,183
88,192
88,196
88,204
88,206
88,214
88,216
88,221
88,233
88,237
88,238
88,248
88,249
88,252
88,270
88,277
88,289
88,294
88,304
88,307
88,310
88,315
88,319
88,324
88,326
88,327
88,331
88,335
88,338
88,348
88,352
88,362
88,364
88,369
88,378
88,401
88,402
88,408
88,414
88,419
88,420
88,426
88,429
88,437
88,443
88,445
88,446
88,447
88,456
88,457
88,462
88,463
88,466
88,467
88,473
88,474
88,480
88,482
88,490
89,92
89,101
89,109
89,110
89,118
89,121
89,135
89,140
89,141
89,143
89,150
89,151
89,156
89,164
89,172
89,176
89,177
89,184
89,185
89,188
89,208
89,213
89,218
89,222
89,224
89,232
89,238
89,240
89,241
89,243
89,244
89,245
89,246
89,262
89,268
89,269
89,275
89,276
89,283
89,284
89,287
89,293
89,298
89,303
89,308
89,312
89,314
89,317
89,318
89,325
89,332
89,345
89,356
89,361
89,364
89,365
89,369
89,376
89,377
89,379
89,383
89,386
89,395
89,404
89,406
89,408
89,415
89,416
89,425
89,426
89,432
89,437
89,440
89,441
89,451
89,452
89,453
89,469
89,475
89,485
89,489
89,490
90,91
90,92
90,103
90,104
90,105
90,106
90,112
90,116
90,121
90,124
90,128
90,134
90,141
90,142
90,145
90,153
90,154
90,166
90,170
90,173
90,182
90,190
90,196
90,205
90,214
90,215
90,216
90,217
90,224
90,226
90,237
90,239
90,241
90,243
90,244
90,254
90,257
90,273
90,279
90,287
90,294
90,299
90,302
90,303
90,310
90,311
90,317
90,318
90,342
90,344
90,352
90,353
90,355
90,359
90,361
90,363
90,379
90,383
90,388
90,393
90,394
90,397
90,398
90,401
90,407
90,410
90,415
90,418
90,420
90,421
90,423
90,432
90,438
90,445
90,446
90,448
90,450
90,451
90,457
90,458
90,467
90,474
90,476
90,477
90,480
90,481
90,488
91,93
91,103
91,109
91,111
91,112
91,118
91,120
91,121
91,127
91,129
91,137
91,141
91,144
91,145
91,148
91,152
91,163
91,164
91,173
91,178
91,179
91,193
91,198
91,206
91,217
91,219
91,224
91,225
91,230
91,231
91,232
91,239
91,243
91,247
91,264
91,265
91,270
91,274
91,278
91,281
91,287
91,289
91,294
91,295
91,304
91,305
91,307
91,310
91,328
91,338
91,339
91,340
91,343
91,354
91,356
91,389
91,391
91,398
91,400
91,404
91,410
91,418
91,420
91,421
91,424
91,425
91,426
91,427
91,433
91,437
91,443
91,447
91,453
91,460
91,462
91,471
91,476
91,481
91,489
92,93
92,100
92,103
92,115
92,118
92,123
92,125
92,130
92,134
92,141
92,142
92,152
92,154
92,156
92,160
92,165
92,166
92,168
92,170
92,177
92,179
92,190
92,194
92,196
92,198
92,200
92,202
92,207
92,208
92,209
92,238
92,245
92,249
92,257
92,261
92,267
92,273
92,277
92,280
92,282
92,285
92,291
92,292
92,296
92,297
92,307
92,317
92,323
92,326
92,328
92,331
92,335
92,339
92,340
92,344
92,353
92,369
92,378
92,385
92,387
92,390
92,391
92,396
92,402
92,409
92,414
92,431
92,437
92,446
92,450
92,459
92,461
92,463
92,467
92,468
92,472
92,474
92,480
92,486
92,488
92,491
93,113
93,116
93,127
93,130
93,134
93,136
93,140
93,142
93,146
93,149
93,152
93,153
93,156
93,167
93,179
93,183
93,188
93,189
93,197
93,198
93,200
93,209
93,212
93,223
93,231
93,232
93,234
93,235
93,244
93,245
93,246
93,276
93,277
93,278
93,279
93,290
93,295
93,297
93,304
93,312
93,314
93,316
93,317
93,320
93,328
93,332
93,342
93,344
93,351
93,355
93,362
93,369
93,377
93,380
93,383
93,385
93,388
93,389
93,391
93,392
93,394
93,398
93,399
93,406
93,408
93,416
93,427
93,431
93,438
93,444
93,447
93,455
93,457
93,459
93,461
93,466
93,471
93,473
93,474
93,475
93,479
93,484
93,487
93,490
93,491
93,495
94,103
94,104
94,114
94,116
94,118
94,120
94,123
94,128
94,130
94,131
94,132
94,133
94,136
94,149
94,150
94,151
94,155
94,159
94,165
94,172
94,173
94,179
94,182
94,187
94,188
94,192
94,211
94,217
94,224
94,241
94,244
94,259
94,260
94,262
94,263
94,268
94,270
94,273
94,275
94,287
94,289
94,301
94,302
94,303
94,319
94,321
94,323
94,329
94,332
94,333
94,335
94,338
94,340
94,341
94,351
94,370
94,371
94,374
94,375
94,380
94,385
94,390
94,395
94,396
94,400
94,407
94,408
94,412
94,417
94,422
94,432
94,441
94,442
94,447
94,459
94,460
94,467
94,474
94,479
94,483
94,484
94,497
95,96
95,97
95,101
95,111
95,112
95,114
95,118
95,120
95,126
95,131
95,134
95,137
95,139
95,145
95,154
95,164
95,170
95,178
95,179
95,182
95,197
95,201
95,202
95,204
95,208
95,210
95,216
95,220
95,225
95,227
95,230
95,231
95,235
95,248
95,253
95,260
95,280
95,281
95,286
95,287
95,295
95,303
95,305
95,308
95,310
95,325
95,327
95,330
95,334
95,335
95,337
95,341
95,363
95,366
95,371
95,373
95,378
95,379
95,384
95,388
95,389
95,403
95,404
95,412
95,413
95,425
95,427
95,430
95,434
95,440
95,442
95,443
95,444
95,448
95,453
95,454
95,463
95,470
95,478
95,489
95,493
95,498
96,97
96,98
96,100
96,101
96,102
96,105
96,107
96,111
96,115
96,120
96,143
96,147
96,156
96,157
96,169
96,177
96,184
96,186
96,189
96,192
96,198
96,201
96,202
96,203
96,215
96,219
96,222
96,223
96,235
96,240
96,242
96,249
96,260
96,264
96,268
96,282
96,289
96,291
96,292
96,304
96,309
96,312
96,315
96,320
96,322
96,328
96,337
96,341
96,348
96,350
96,354
96,359
96,364
96,365
96,367
96,369
96,373
96,387
96,391
96,401
96,402
96,407
96,415
96,421
96,424
96,433
96,440
96,444
96,447
96,456
96,479
96,482
96,486
96,495
97,98
97,105
97,108
97,111
97,139
97,143
97,150
97,151
97,152
97,155
97,162
97,164
97,167
97,188
97,193
97,206
97,210
97,218
97,221
97,229
97,236
97,239
97,241
97,251
97,253
97,255
97,256
97,261
97,265
97,268
97,271
97,275
97,276
97,288
97,293
97,296
97,300
97,307
97,311
97,335
97,339
97,347
97,353
97,358
97,359
97,364
97,370
97,382
97,392
97,401
97,409
97,423
97,428
97,429
97,440
97,443
97,445
97,447
97,458
97,462
97,490
98,99
98,105
98,106
98,108
98,113
98,116
98,117
98,139
98,142
98,145
98,151
98,153
98,159
98,170
98,180
98,181
98,187
98,189
98,192
98,194
98,196
98,200
98,201
98,208
98,211
98,227
98,233
98,236
98,239
98,243
98,249
98,250
98,255
98,260
98,268
98,269
98,273
98,279
98,280
98,281
98,287
98,289
98,300
98,302
98,303
98,304
98,308
98,315
98,332
98,343
98,352
98,355
98,361
98,371
98,373
98,375
98,387
98,391
98,392
98,404
98,409
98,414
98,423
98,429
98,436
98,440
98,446
98,447
98,450
98,452
98,458
98,459
98,481
98,489
98,493
98,499
99,109
99,115
99,120
99,130
99,140
99,150
99,151
99,157
99,164
99,165
99,177
99,181
99,197
99,202
99,204
99,208
99,213
99,215
99,229
99,230
99,236
99,244
99,248
99,258
99,259
99,266
99,269
99,271
99,275
99,281
99,285
99,295
99,296
99,297
99,298
99,301
99,304
99,308
99,323
99,325
99,327
99,329
99,336
99,338
99,340
99,341
99,348
99,351
99,358
99,359
99,360
99,362
99,365
99,375
99,381
99,383
99,386
99,388
99,393
99,396
99,404
99,405
99,410
99,418
99,435
99,440
99,441
99,457
99,464
99,467
99,470
99,477
99,481
99,485
99,490
99,493
100,107
100,113
100,122
100,126
100,128
100,129
100,134
100,140
100,144
100,147
100,162
100,163
100,164
100,165
100,166
100,169
100,175
100,179
100,190
100,193
100,194
100,197
100,203
100,207
100,208
100,209
100,210
100,211
100,212
100,213
100,219
100,226
100,228
100,230
100,232
100,233
100,234
100,235
100,239
100,250
100,254
100,256
100,258
100,261
100,272
100,279
100,281
100,286
100,296
100,298
100,301
100,304
100,310
100,312
100,316
100,324
100,333
100,335
100,350
100,362
100,366
100,370
100,373
100,378
100,379
100,388
100,395
100,397
100,399
100,403
100,410
100,414
100,415
100,417
100,424
100,429
100,436
100,437
100,440
100,444
100,448
100,450
100,458
100,462
100,464
100,474
100,480
100,482
100,484
100,486
100,491
100,496
100,497
100,498
101,102
101,103
101,107
101,108
101,111
101,116
101,122
101,123
101,128
101,131
101,135
101,139
101,151
101,154
101,156
101,160
101,166
101,169
101,173
101,184
101,187
101,196
101,197
101,198
101,201
101,202
101,215
101,217
101,218
101,220
101,228
101,232
101,233
101,236
101,238
101,243
101,245
101,258
101,266
101,268
101,271
101,283
101,284
101,291
101,292
101,297
101,298
101,299
101,301
101,309
101,318
101,323
101,327
101,330
101,337
101,342
101,343
101,345
101,347
101,356
101,371
101,381
101,392
101,397
101,404
101,405
101,406
101,414
101,415
101,432
101,436
101,442
101,446
101,451
101,455
101,466
101,475
101,476
101,479
101,483
101,493
101,498
102,105
102,107
102,110
102,119
102,122
102,128
102,133
102,137
102,143
102,149
102,158
102,166
102,173
102,177
102,180
102,181
102,187
102,193
102,194
102,196
102,204
102,207
102,208
102,214
102,215
102,224
102,228
102,234
102,235
102,240
102,242
102,248
102,251
102,255
102,261
102,266
102,267
102,268
102,272
102,273
102,292
102,298
102,299
102,308
102,314
102,315
102,316
102,329
102,334
102,341
102,353
102,359
102,361
102,369
102,372
102,376
102,383
102,389
102,405
102,407
102,411
102,416
102,421
102,422
102,431
102,433
102,436
102,443
102,447
102,458
102,461
102,465
102,471
102,481
102,485
102,489
103,105
103,109
103,110
103,116
103,119
103,125
103,126
103,127
103,128
103,129
103,131
103,133
103,134
103,138
103,146
103,150
103,156
103,166
103,170
103,179
103,190
103,192
103,193
103,194
103,197
103,201
103,208
103,217
103,218
103,220
103,232
103,234
103,235
103,236
103,241
103,243
103,244
103,248
103,252
103,254
103,263
103,269
103,288
103,291
103,295
103,299
103,300
103,301
103,315
103,325
103,331
103,334
103,335
103,337
103,343
103,345
103,350
103,352
103,360
103,361
103,362
103,365
103,367
103,374
103,375
103,377
103,381
103,382
103,388
103,390
103,400
103,408
103,413
103,427
103,429
103,432
103,434
103,435
103,439
103,454
103,470
103,475
103,481
103,482
103,483
103,484
103,486
103,489
104,112
104,115
104,134
104,141
104,142
104,145
104,161
104,169
104,173
104,188
104,199
104,203
104,207
104,209
104,210
104,215
104,216
104,218
104,225
104,226
104,227
104,236
104,237
104,248
104,249
104,256
104,258
104,268
104,269
104,272
104,273
104,275
104,277
104,281
104,284
104,292
104,317
104,328
104,341
104,349
104,351
104,353
104,355
104,362
104,363
104,366
104,367
104,369
104,374
104,375
104,376
104,383
104,390
104,391
104,395
104,396
104,399
104,400
104,401
104,405
104,406
104,418
104,420
104,424
104,438
104,444
104,456
104,458
104,459
104,461
104,464
104,465
104,470
104,471
104,477
104,480
104,489
104,496
104,499
105,111
105,115
105,123
105,125
105,133
105,144
105,147
105,157
105,158
105,161
105,171
105,173
105,182
105,187
105,192
105,193
105,205
105,208
105,209
105,217
105,218
105,219
105,220
105,221
105,234
105,235
105,242
105,248
105,260
105,262
105,263
105,268
105,273
105,275
105,282
105,284
105,286
105,289
105,290
105,292
105,294
105,299
105,300
105,301
105,306
105,309
105,311
105,313
105,320
105,323
105,328
105,341
105,343
105,347
105,351
105,352
105,353
105,355
105,358
105,359
105,361
105,362
105,363
105,372
105,378
105,381
105,390
105,397
105,403
105,410
105,413
105,416
105,422
105,424
105,429
105,436
105,439
105,449
105,451
105,453
105,459
105,464
105,469
105,470
105,471
105,491
105,494
105,496
106,107
106,115
106,118
106,119
106,122
106,123
106,136
106,143
106,150
106,155
106,163
106,165
106,173
106,174
106,179
106,182
106,185
106,187
106,195
106,196
106,198
106,201
106,207
106,208
106,214
106,229
106,230
106,231
106,232
106,253
106,261
106,262
106,273
106,277
106,279
106,288
106,300
106,309
106,315
106,329
106,332
106,347
106,348
106,359
106,361
106,373
106,375
106,376
106,377
106,379
106,400
106,408
106,415
106,423
106,435
106,436
106,439
106,450
106,475
106,479
106,487
106,489
106,497
106,499
107,111
107,117
107,120
107,121
107,124
107,128
107,143
107,145
107,158
107,164
107,182
107,200
107,201
107,203
107,205
107,206
107,208
107,211
107,213
107,214
107,217
107,225
107,227
107,228
107,232
107,241
107,243
107,244
107,246
107,248
107,252
107,256
107,259
107,260
107,268
107,275
107,277
107,281
107,283
107,285
107,291
107,293
107,295
107,296
107,332
107,334
107,337
107,357
107,358
107,368
107,371
107,373
107,390
107,391
107,397
107,398
107,401
107,405
107,417
107,424
107,435
107,436
107,440
107,441
107,445
107,456
107,457
107,460
107,462
107,465
107,469
107,472
107,479
107,494
108,109
108,113
108,116
108,120
108,129
108,135
108,137
108,139
108,143
108,151
108,152
108,155
108,156
108,164
108,166
108,171
108,174
108,175
108,177
108,180
108,183
108,187
108,217
108,226
108,230
108,236
108,244
108,247
108,251
108,258
108,260
108,269
108,270
108,278
108,279
108,282
108,290
108,292
108,294
108,303
108,304
108,305
108,314
108,317
108,319
108,320
108,323
108,327
108,329
108,339
108,340
108,348
108,352
108,353
108,355
108,373
108,374
108,379
108,380
108,386
108,389
108,391
108,393
108,398
108,414
108,416
108,418
108,424
108,428
108,429
108,435
108,442
108,444
108,450
108,454
108,456
108,461
108,462
108,465
108,472
108,474
108,478
108,489
108,490
108,491
108,493
108,499
109,113
109,114
109,119
109,124
109,126
109,127
109,129
109,131
109,133
109,136
109,144
109,151
109,153
109,156
109,160
109,171
109,179
109,182
109,193
109,197
109,198
109,207
109,209
109,211
109,216
109,221
109,222
109,225
109,229
109,239
109,240
109,241
109,246
109,252
109,253
109,254
109,256
109,258
109,261
109,264
109,266
109,283
109,290
109,291
109,299
109,307
109,308
109,316
109,324
109,326
109,327
109,328
109,330
109,332
109,336
109,338
109,339
109,344
109,351
109,352
109,362
109,366
109,367
109,369
109,370
109,374
109,380
109,381
109,389
109,390
109,395
109,400
109,402
109,404
109,405
109,410
109,413
109,430
109,432
109,433
109,437
109,439
109,440
109,443
109,456
109,469
109,472
109,479
109,484
109,487
109,495
110,111
110,117
110,120
110,122
110,123
110,124
110,126
110,139
110,141
110,143
110,144
110,147
110,154
110,156
110,157
110,171
110,173
110,178
110,183
110,210
110,215
110,217
110,239
110,241
110,242
110,251
110,252
110,255
110,266
110,269
110,277
110,280
110,281
110,285
110,305
110,306
110,307
110,310
110,316
110,320
110,322
110,323
110,334
110,339
110,354
110,359
110,371
110,376
110,378
110,389
110,393
110,403
110,409
110,412
110,415
110,419
110,424
110,425
110,427
110,432
110,436
110,437
110,441
110,446
110,449
110,453
110,456
110,460
110,462
110,463
110,465
110,475
110,476
110,488
110,494
110,495
110,496
110,499
111,112
111,114
111,115
111,117
111,128
111,151
111,153
111,157
111,166
111,173
111,182
111,189
111,216
111,234
111,236
111,241
111,244
111,250
111,260
111,264
111,269
111,270
111,271
111,276
111,278
111,279
111,286
111,287
111,290
111,292
111,293
111,294
111,295
111,297
111,298
111,300
111,305
111,308
111,310
111,312
111,315
111,317
111,323
111,325
111,326
111,345
111,346
111,347
111,348
111,351
111,354
111,358
111,359
111,364
111,370
111,371
111,377
111,379
111,386
111,387
111,394
111,395
111,397
111,409
111,410
111,412
111,414
111,419
111,428
111,429
111,435
111,439
111,440
111,465
111,482
111,483
111,490
111,497
112,122
112,123
112,126
112,128
112,129
112,137
112,141
112,142
112,144
112,145
112,162
112,165
112,170
112,176
112,177
112,196
112,198
112,200
112,202
112,206
112,208
112,213
112,215
112,224
112,236
112,241
112,242
112,250
112,258
112,261
112,277
112,299
112,306
112,311
112,314
112,315
112,316
112,319
112,322
112,330
112,332
112,343
112,349
112,355
112,362
112,379
112,381
112,386
112,394
112,396
112,398
112,401
112,402
112,405
112,406
112,417
112,420
112,424
112,433
112,434
112,438
112,453
112,456
112,467
112,469
112,476
112,478
112,490
112,494
112,498
113,115
113,119
113,129
113,136
113,139
113,143
113,146
113,152
113,157
113,159
113,170
113,171
113,177
113,179
113,185
113,186
113,189
113,199
113,200
113,201
113,214
113,216
113,219
113,224
113,232
113,234
113,235
113,240
113,245
113,253
113,259
113,260
113,269
113,271
113,276
113,286
113,289
113,299
113,302
113,304
113,305
113,315
113,316
113,322
113,323
113,328
113,331
113,336
113,337
113,339
113,348
113,355
113,356
113,358
113,361
113,370
113,371
113,385
113,391
113,393
113,403
113,404
113,405
113,408
113,413
113,420
113,423
113,432
113,433
113,436
113,450
113,461
113,463
113,465
113,468
113,474
113,475
113,478
113,480
113,483
113,499
114,116
114,119
114,125
114,130
114,133
114,136
114,137
114,148
114,152
114,153
114,157
114,160
114,170
114,177
114,185
114,187
114,188
114,189
114,190
114,191
114,193
114,194
114,205
114,218
114,223
114,232
114,239
114,243
114,248
114,249
114,250
114,255
114,260
114,263
114,267
114,268
114,276
114,288
114,294
114,300
114,306
114,307
114,313
114,315
114,316
114,321
114,326
114,335
114,336
114,340
114,351
114,354
114,360
114,370
114,372
114,374
114,377
114,385
114,387
114,390
114,394
114,398
114,401
114,406
114,407
114,408
114,412
114,413
114,418
114,420
114,423
114,432
114,434
114,438
114,441
114,443
114,447
114,449
114,451
114,456
114,474
114,476
114,479
114,481
114,490
114,491
114,492
114,494
114,495
114,497
115,127
115,130
115,136
115,146
115,150
115,152
115,156
115,158
115,160
115,172
115,175
115,182
115,209
115,217
115,226
115,229
115,240
115,245
115,248
115,254
115,255
115,290
115,291
115,301
115,307
115,313
115,314
115,315
115,320
115,321
115,323
115,327
115,329
115,330
115,332
115,337
115,339
115,346
115,349
115,350
115,368
115,373
115,375
115,376
115,382
115,391
115,400
115,402
115,403
115,408
115,413
115,422
115,426
115,431
115,438
115,439
115,441
115,444
115,449
115,451
115,458
115,469
115,471
115,476
115,495
116,122
116,127
116,133
116,135
116,136
116,139
116,140
116,147
116,150
116,154
116,172
116,175
116,181
116,182
116,190
116,194
116,196
116,199
116,206
116,209
116,214
116,217
116,224
116,227
116,228
116,230
116,234
116,237
116,241
116,252
116,257
116,260
116,264
116,272
116,274
116,277
116,291
116,304
116,306
116,309
116,317
116,322
116,324
116,327
116,346
116,375
116,379
116,384
116,386
116,388
116,395
116,396
116,401
116,404
116,406
116,411
116,414
116,421
116,430
116,449
116,455
116,461
116,466
116,477
116,481
116,488
116,490
116,491
116,494
116,498
117,128
117,133
117,139
117,141
117,145
117,154
117,156
117,158
117,166
117,171
117,172
117,173
117,182
117,183
117,184
117,196
117,197
117,203
117,205
117,207
117,212
117,215
117,218
117,232
117,237
117,238
117,250
117,255
117,257
117,260
117,264
117,282
117,285
117,286
117,287
117,300
117,303
117,307
117,311
117,332
117,338
117,341
117,346
117,347
117,354
117,355
117,358
117,359
117,361
117,362
117,363
117,367
117,370
117,372
117,374
117,383
117,389
117,393
117,402
117,411
117,414
117,416
117,418
117,429
117,431
117,435
117,440
117,451
117,452
117,455
117,463
117,469
117,470
117,485
117,489
117,490
117,492
117,493
118,119
118,121
118,122
118,130
118,131
118,132
118,134
118,140
118,150
118,155
118,156
118,162
118,164
118,172
118,173
118,174
118,175
118,176
118,183
118,185
118,186
118,204
118,219
118,237
118,239
118,245
118,246
118,249
118,259
118,260
118,265
118,267
118,272
118,275
118,287
118,288
118,293
118,301
118,303
118,304
118,312
118,321
118,340
118,362
118,364
118,365
118,366
118,368
118,376
118,378
118,380
118,382
118,405
118,408
118,413
118,417
118,420
118,421
118,431
118,438
118,443
118,444
118,446
118,448
118,450
118,452
118,455
118,464
118,467
118,469
118,471
118,475
118,481
118,489
118,493
118,498
119,124
119,125
119,127
119,131
119,136
119,139
119,142
119,144
119,150
119,153
119,162
119,167
119,177
119,185
119,192
119,193
119,194
119,203
119,205
119,220
119,226
119,246
119,250
119,261
119,263
119,274
119,277
119,282
119,283
119,294
119,296
119,302
119,308
119,319
119,325
119,328
119,329
119,353
119,363
119,364
119,365
119,371
119,375
119,376
119,379
119,381
119,384
119,388
119,391
119,393
119,401
119,402
119,406
119,411
119,416
119,418
119,421
119,426
119,437
119,454
119,470
119,471
119,474
119,476
119,485
119,486
119,487
119,489
119,498
120,130
120,132
120,136
120,139
120,140
120,159
120,164
120,165
120,166
120,177
120,195
120,197
120,199
120,208
120,214
120,220
120,228
120,229
120,232
120,235
120,244
120,245
120,247
120,248
120,249
120,251
120,258
120,262
120,269
120,271
120,276
120,277
120,281
120,290
120,291
120,292
120,295
120,304
120,307
120,314
120,322
120,328
120,334
120,335
120,346
120,347
120,348
120,350
120,354
120,356
120,357
120,361
120,364
120,366
120,370
120,373
120,374
120,379
120,382
120,383
120,387
120,390
120,391
120,393
120,394
120,408
120,426
120,433
120,436
120,438
120,439
120,452
120,453
120,454
120,458
120,469
120,475
120,480
120,488
120,493
120,499
121,122
121,132
121,136
121,141
121,143
121,153
121,160
121,162
121,174
121,176
121,177
121,178
121,182
121,183
121,184
121,191
121,192
121,195
121,196
121,197
121,199
121,202
121,212
121,213
121,216
121,217
121,221
121,222
121,225
121,231
121,234
121,237
121,239
121,247
121,258
121,259
121,267
121,268
121,273
121,276
121,281
121,284
121,287
121,288
121,289
121,292
121,296
121,300
121,310
121,318
121,321
121,322
121,331
121,333
121,338
121,339
121,340
121,343
121,349
121,353
121,359
121,360
121,368
121,373
121,374
121,381
121,387
121,398
121,402
121,412
121,413
121,423
121,427
121,430
121,439
121,441
121,442
121,443
121,444
121,446
121,454
121,463
121,465
121,473
121,474
121,479
121,490
121,496
121,498
122,123
122,139
122,140
122,153
122,154
122,156
122,170
122,187
122,189
122,190
122,191
122,203
122,205
122,207
122,213
122,216
122,219
122,223
122,224
122,234
122,236
122,251
122,252
122,254
122,256
122,262
122,268
122,269
122,274
122,278
122,281
122,287
122,290
122,291
122,298
122,300
122,312
122,315
122,316
122,324
122,325
122,327
122,335
122,344
122,349
122,351
122,355
122,359
122,360
122,365
122,366
122,369
122,381
122,383
122,386
122,389
122,396
122,409
122,413
122,420
122,429
122,432
122,440
122,442
122,455
122,472
122,475
122,478
122,479
122,480
122,483
122,486
122,488
122,489
122,493
122,494
122,495
122,498
123,125
123,126
123,142
123,143
123,157
123,162
123,165
123,168
123,174
123,175
123,177
123,178
123,180
123,187
123,193
123,197
123,198
123,204
123,212
123,216
123,223
123,224
123,230
123,234
123,238
123,243
123,246
123,247
123,251
123,255
123,256
123,258
123,262
123,271
123,272
123,276
123,278
123,281
123,290
123,300
123,302
123,308
123,319
123,324
123,328
123,331
123,332
123,341
123,345
123,346
123,347
123,352
123,362
123,366
123,377
123,385
123,387
123,397
123,400
123,437
123,438
123,444
123,457
123,460
123,470
123,473
123,478
123,489
123,491
123,492
123,495
124,132
124,139
124,142
124,151
124,156
124,170
124,171
124,172
124,179
124,181
124,182
124,184
124,185
124,186
124,189
124,193
124,197
124,201
124,203
124,208
124,221
124,224
124,225
124,228
124,229
124,231
124,232
124,238
124,252
124,253
124,261
124,264
124,265
124,267
124,268
124,269
124,274
124,276
124,277
124,287
124,290
124,293
124,299
124,304
124,306
124,307
124,308
124,309
124,312
124,313
124,318
124,320
124,323
124,326
124,331
124,333
124,341
124,342
124,346
124,353
124,354
124,360
124,363
124,370
124,371
124,372
124,376
124,390
124,391
124,392
124,394
124,397
124,403
124,405
124,406
124,409
124,424
124,433
124,439
124,442
124,446
124,448
124,449
124,450
124,453
124,455
124,468
124,471
124,474
124,479
124,481
124,483
124,487
124,495
125,128
125,132
125,140
125,141
125,142
125,146
125,148
125,150
125,160
125,164
125,165
125,169
125,185
125,188
125,203
125,208
125,211
125,212
125,214
125,215
125,222
125,227
125,235
125,237
125,244
125,246
125,248
125,252
125,253
125,255
125,259
125,264
125,267
125,274
125,276
125,278
125,280
125,283
125,294
125,296
125,302
125,307
125,310
125,314
125,316
125,318
125,322
125,325
125,326
125,327
125,330
125,331
125,336
125,338
125,352
125,359
125,362
125,364
125,365
125,366
125,385
125,387
125,389
125,391
125,394
125,395
125,398
125,408
125,413
125,415
125,419
125,423
125,425
125,426
125,432
125,435
125,438
125,443
125,449
125,469
125,475
125,477
125,496
125,497
126,128
126,134
126,144
126,145
126,146
126,152
126,156
126,158
126,159
126,162
126,182
126,183
126,187
126,190
126,195
126,202
126,205
126,207
126,211
126,228
126,233
126,236
126,245
126,249
126,254
126,267
126,268
126,272
126,274
126,277
126,285
126,293
126,307
126,310
126,312
126,328
126,335
126,345
126,348
126,356
126,357
126,364
126,368
126,376
126,385
126,392
126,404
126,406
126,410
126,411
126,412
126,437
126,441
126,445
126,449
126,450
126,455
126,458
126,460
126,465
126,470
126,471
126,473
126,474
126,477
126,479
126,481
126,485
126,489
126,495
126,498
126,499
127,130
127,132
127,136
127,140
127,141
127,145
127,148
127,154
127,163
127,164
127,173
127,182
127,185
127,186
127,193
127,195
127,198
127,204
127,206
127,210
127,240
127,242
127,250
127,252
127,255
127,257
127,265
127,271
127,272
127,288
127,294
127,297
127,304
127,309
127,310
127,330
127,339
127,347
127,348
127,354
127,366
127,369
127,371
127,373
127,377
127,388
127,389
127,390
127,404
127,405
127,410
127,412
127,419
127,421
127,426
127,427
127,439
127,441
127,446
127,449
127,451
127,453
127,454
127,460
127,484
127,485
127,499
128,129
128,132
128,136
128,138
128,141
128,147
128,154
128,156
128,158
128,162
128,164
128,166
128,177
128,185
128,187
128,188
128,191
128,192
128,199
128,201
128,202
128,205
128,214
128,215
128,220
128,222
128,228
128,230
128,232
128,240
128,254
128,256
128,260
128,261
128,263
128,265
128,266
128,276
128,282
128,285
128,287
128,291
128,296
128,299
128,303
128,308
128,312
128,317
128,320
128,321
128,322
128,325
128,327
128,332
128,347
128,352
128,353
128,354
128,356
128,371
128,372
128,378
128,381
128,382
128,393
128,403
128,405
128,409
128,413
128,416
128,420
128,431
128,439
128,442
128,450
128,452
128,454
128,456
128,457
128,463
128,472
129,143
129,151
129,160
129,162
129,165
129,167
129,169
129,170
129,174
129,175
129,177
129,180
129,182
129,184
129,185
129,195
129,212
129,215
129,220
129,230
129,231
129,238
129,240
129,245
129,248
129,257
129,260
129,261
129,268
129,271
129,274
129,278
129,281
129,285
129,291
129,293
129,300
129,303
129,307
129,309
129,323
129,324
129,326
129,329
129,335
129,339
129,348
129,363
129,364
129,371
129,373
129,375
129,380
129,381
129,386
129,397
129,399
129,402
129,409
129,416
129,422
129,425
129,429
129,432
129,446
129,450
129,463
129,468
129,469
129,472
129,476
129,478
129,480
129,482
129,483
129,493
129,494
130,135
130,138
130,145
130,147
130,148
130,158
130,165
130,169
130,177
130,191
130,192
130,203
130,209
130,213
130,215
130,227
130,229
130,239
130,242
130,248
130,251
130,254
130,261
130,280
130,284
130,286
130,288
130,293
130,299
130,305
130,308
130,311
130,314
130,316
130,319
130,327
130,330
130,331
130,335
130,336
130,339
130,342
130,346
130,366
130,387
130,394
130,396
130,398
130,400
130,407
130,418
130,424
130,425
130,429
130,431
130,432
130,453
130,466
130,467
130,469
130,470
130,491
130,499
131,133
131,138
131,139
131,144
131,147
131,151
131,152
131,163
131,175
131,180
131,185
131,197
131,198
131,211
131,217
131,222
131,225
131,246
131,248
131,249
131,252
131,268
131,271
131,275
131,279
131,295
131,297
131,300
131,301
131,303
131,307
131,311
131,320
131,321
131,325
131,326
131,332
131,334
131,338
131,351
131,357
131,359
131,360
131,361
131,363
131,365
131,368
131,386
131,388
131,397
131,407
131,418
131,419
131,420
131,424
131,428
131,431
131,449
131,454
131,455
131,465
131,466
131,467
131,473
131,474
131,498
132,135
132,143
132,153
132,160
132,162
132,184
132,185
132,190
132,191
132,194
132,197
132,212
132,213
132,217
132,220
132,226
132,227
132,228
132,235
132,238
132,239
132,248
132,250
132,254
132,264
132,268
132,276
132,277
132,290
132,293
132,295
132,296
132,301
132,303
132,311
132,313
132,314
132,319
132,327
132,333
132,339
132,352
132,354
132,366
132,369
132,377
132,380
132,383
132,405
132,416
132,420
132,431
132,432
132,433
132,437
132,448
132,466
132,475
132,484
132,489
132,490
132,496
133,148
133,157
133,159
133,166
133,171
133,178
133,179
133,184
133,185
133,186
133,192
133,202
133,203
133,221
133,225
133,230
133,234
133,241
133,249
133,251
133,252
133,254
133,260
133,262
133,263
133,269
133,270
133,273
133,279
133,280
133,282
133,287
133,289
133,304
133,305
133,308
133,316
133,332
133,337
133,347
133,353
133,357
133,360
133,362
133,367
133,370
133,371
133,373
133,377
133,382
133,395
133,406
133,411
133,414
133,415
133,418
133,436
133,438
133,439
133,462
133,464
133,477
134,143
134,144
134,150
134,156
134,158
134,162
134,171
134,172
134,176
134,183
134,194
134,197
134,200
134,202
134,206
134,209
134,210
134,215
134,223
134,224
134,230
134,231
134,234
134,236
134,237
134,245
134,248
134,254
134,256
134,258
134,276
134,277
134,280
134,281
134,285
134,297
134,298
134,302
134,310
134,312
134,313
134,320
134,321
134,331
134,333
134,340
134,347
134,354
134,355
134,357
134,360
134,363
134,374
134,376
134,382
134,384
134,391
134,393
134,395
134,399
134,405
134,407
134,410
134,411
134,416
134,417
134,427
134,429
134,452
134,454
134,455
134,457
134,458
134,462
134,464
134,471
134,481
134,482
134,488
134,492
134,496
135,141
135,143
135,145
135,151
135,152
135,154
135,160
135,161
135,168
135,169
135,174
135,190
135,193
135,196
135,198
135,201
135,208
135,211
135,213
135,215
135,216
135,218
135,221
135,223
135,226
135,228
135,232
135,243
135,250
135,253
135,255
135,261
135,266
135,270
135,286
135,293
135,296
135,300
135,301
135,311
135,313
135,315
135,322
135,324
135,325
135,329
135,333
135,337
135,346
135,348
135,351
135,352
135,354
135,357
135,363
135,368
135,373
135,374
135,377
135,381
135,382
135,383
135,386
135,392
135,393
135,405
135,407
135,410
135,412
135,414
135,416
135,419
135,420
135,423
135,431
135,439
135,440
135,441
135,445
135,454
135,455
135,458
135,460
135,463
135,464
135,465
135,468
135,469
135,485
135,488
135,494
136,139
136,141
136,145
136,154
136,156
136,157
136,160
136,161
136,162
136,174
136,177
136,181
136,206
136,207
136,215
136,219
136,231
136,241
136,246
136,247
136,251
136,255
136,259
136,260
136,270
136,272
136,275
136,280
136,284
136,300
136,302
136,304
136,308
136,313
136,315
136,325
136,326
136,327
136,328
136,333
136,335
136,341
136,350
136,356
136,357
136,359
136,361
136,367
136,370
136,374
136,376
136,386
136,398
136,401
136,405
136,410
136,425
136,427
136,446
136,449
136,460
136,464
136,477
136,479
136,489
136,490
137,142
137,145
137,150
137,157
137,158
137,162
137,174
137,176
137,184
137,188
137,192
137,200
137,201
137,202
137,211
137,212
137,237
137,239
137,243
137,248
137,254
137,257
137,259
137,262
137,268
137,274
137,279
137,281
137,290
137,304
137,307
137,309
137,311
137,313
137,314
137,325
137,326
137,331
137,335
137,349
137,357
137,361
137,363
137,364
137,365
137,366
137,372
137,375
137,376
137,387
137,391
137,394
137,395
137,403
137,411
137,414
137,417
137,420
137,433
137,437
137,460
137,462
137,463
137,464
137,477
137,478
138,142
138,143
138,154
138,157
138,165
138,167
138,168
138,172
138,179
138,180
138,186
138,191
138,194
138,201
138,205
138,209
138,213
138,217
138,220
138,224
138,232
138,235
138,238
138,247
138,248
138,254
138,255
138,257
138,261
138,269
138,273
138,281
138,292
138,306
138,307
138,311
138,318
138,333
138,338
138,342
138,347
138,349
138,351
138,357
138,368
138,385
138,391
138,395
138,398
138,402
138,411
138,421
138,423
138,435
138,437
138,438
138,447
138,452
138,457
138,461
138,473
138,485
138,488
138,498
138,499
139,142
139,146
139,150
139,152
139,164
139,167
139,170
139,175
139,178
139,181
139,187
139,190
139,195
139,196
139,199
139,203
139,206
139,210
139,213
139,227
139,230
139,243
139,249
139,251
139,255
139,257
139,265
139,271
139,273
139,274
139,279
139,291
139,292
139,300
139,302
139,311
139,316
139,320
139,325
139,327
139,333
139,336
139,337
139,339
139,341
139,342
139,348
139,357
139,365
139,369
139,372
139,374
139,377
139,383
139,390
139,391
139,399
139,403
139,404
139,405
139,406
139,414
139,415
139,418
139,424
139,434
139,435
139,441
139,442
139,448
139,449
139,452
139,461
139,462
139,478
139,479
139,481
139,489
140,149
140,154
140,157
140,161
140,171
140,174
140,184
140,189
140,195
140,200
140,208
140,210
140,215
140,216
140,220
140,225
140,230
140,233
140,234
140,235
140,249
140,257
140,258
140,270
140,271
140,283
140,285
140,289
140,304
140,305
140,308
140,313
140,317
140,319
140,330
140,337
140,338
140,340
140,341
140,342
140,346
140,347
140,348
140,350
140,354
140,355
140,369
140,370
140,377
140,378
140,381
140,390
140,394
140,395
140,403
140,416
140,420
140,431
140,435
140,444
140,448
140,449
140,450
140,452
140,458
140,466
140,475
140,485
140,489
140,491
140,497
140,498
141,147
141,151
141,152
141,154
141,155
141,156
141,157
141,183
141,191
141,195
141,196
141,205
141,212
141,214
141,215
141,219
141,222
141,223
141,239
141,241
141,244
141,247
141,249
141,252
141,256
141,257
141,261
141,265
141,275
141,278
141,281
141,289
141,290
141,297
141,300
141,307
141,309
141,314
141,317
141,321
141,323
141,327
141,340
141,363
141,370
141,373
141,375
141,381
141,387
141,392
141,393
141,396
141,412
141,415
141,417
141,419
141,422
141,424
141,425
141,427
141,442
141,443
141,453
141,459
141,460
141,461
141,468
141,471
141,475
141,478
141,482
141,483
141,487
141,489
141,491
141,492
141,498
142,144
142,146
142,148
142,150
142,154
142,155
142,166
142,171
142,174
142,177
142,181
142,182
142,186
142,194
142,198
142,205
142,211
142,219
142,228
142,229
142,231
142,233
142,242
142,243
142,246
142,262
142,264
142,265
142,266
142,268
142,279
142,282
142,286
142,289
142,294
142,297
142,299
142,314
142,321
142,327
142,335
142,337
142,342
142,348
142,352
142,354
142,356
142,362
142,368
142,370
142,377
142,382
142,386
142,392
142,395
142,399
142,405
142,409
142,413
142,426
142,428
142,430
142,435
142,439
142,443
142,444
142,447
142,448
142,450
142,451
142,458
142,459
142,463
142,464
142,466
142,472
142,478
142,484
142,489
142,490
142,493
142,495
142,496
142,499
143,152
143,153
143,157
143,159
143,169
143,173
143,182
143,184
143,186
143,195
143,198
143,205
143,206
143,207
143,208
143,211
143,216
143,217
143,228
143,230
143,232
143,235
143,236
143,237
143,243
143,252
143,254
143,259
143,264
143,279
143,282
143,288
143,291
143,297
143,298
143,304
143,305
143,309
143,314
143,315
143,319
143,320
143,351
143,352
143,354
143,358
143,366
143,371
143,372
143,377
143,379
143,380
143,382
143,395
143,396
143,399
143,400
143,405
143,408
143,413
143,426
143,432
143,434
143,437
143,440
143,441
143,455
143,469
143,471
143,481
143,482
143,485
143,486
143,488
143,499
144,150
144,156
144,162
144,164
144,171
144,183
144,187
144,200
144,205
144,215
144,230
144,235
144,236
144,238
144,243
144,249
144,250
144,253
144,260
144,271
144,275
144,284
144,287
144,289
144,294
144,295
144,300
144,304
144,305
144,306
144,317
144,331
144,334
144,335
144,337
144,339
144,342
144,350
144,354
144,356
144,358
144,362
144,363
144,372
144,374
144,376
144,379
144,380
144,386
144,391
144,395
144,401
144,414
144,417
144,418
144,424
144,435
144,443
144,445
144,453
144,454
144,458
144,466
144,472
144,478
144,480
144,484
144,490
145,153
145,155
145,156
145,158
145,180
145,198
145,206
145,217
145,229
145,237
145,248
145,258
145,260
145,263
145,264
145,275
145,278
145,280
145,285
145,289
145,291
145,293
145,294
145,303
145,304
145,305
145,307
145,325
145,335
145,336
145,338
145,339
145,341
145,345
145,353
145,369
145,378
145,382
145,387
145,396
145,409
145,410
145,411
145,414
145,420
145,425
145,426
145,443
145,456
145,466
145,468
145,481
145,489
145,491
145,495
145,498
146,147
146,150
146,154
146,160
146,163
146,167
146,169
146,171
146,173
146,174
146,176
146,185
146,191
146,192
146,202
146,221
146,224
146,231
146,236
146,241
146,244
146,248
146,254
146,255
146,260
146,262
146,264
146,268
146,269
146,270
146,272
146,274
146,287
146,293
146,294
146,297
146,302
146,310
146,316
146,317
146,321
146,323
146,329
146,333
146,334
146,344
146,346
146,347
146,349
146,356
146,357
146,370
146,377
146,379
146,380
146,384
146,385
146,386
146,387
146,392
146,394
146,396
146,398
146,399
146,404
146,413
146,414
146,420
146,429
146,431
146,432
146,433
146,435
146,436
146,437
146,441
146,443
146,445
146,451
146,457
146,458
146,476
146,489
146,492
147,148
147,159
147,163
147,169
147,175
147,179
147,186
147,190
147,199
147,200
147,202
147,210
147,216
147,218
147,219
147,221
147,241
147,243
147,244
147,260
147,262
147,264
147,267
147,274
147,275
147,286
147,298
147,301
147,309
147,314
147,321
147,323
147,325
147,333
147,334
147,335
147,340
147,344
147,348
147,350
147,354
147,357
147,359
147,361
147,363
147,369
147,372
147,376
147,379
147,382
147,384
147,400
147,406
147,408
147,409
147,413
147,420
147,431
147,442
147,450
147,454
147,456
147,457
147,460
147,465
147,466
147,467
147,468
147,469
147,471
147,473
147,478
147,481
147,482
147,483
147,487
147,490
147,492
147,498
148,149
148,150
148,151
148,154
148,155
148,178
148,179
148,192
148,199
148,206
148,218
148,219
148,220
148,223
148,225
148,229
148,230
148,234
148,237
148,248
148,255
148,267
148,268
148,290
148,295
148,302
148,305
148,312
148,313
148,322
148,325
148,326
148,334
148,337
148,341
148,347
148,352
148,388
148,390
148,396
148,397
148,398
148,402
148,417
148,424
148,425
148,429
148,431
148,432
148,437
148,445
148,454
148,456
148,459
148,463
148,471
148,481
148,487
148,489
148,493
149,165
149,169
149,174
149,176
149,180
149,185
149,191
149,193
149,199
149,202
149,205
149,212
149,213
149,221
149,234
149,238
149,244
149,247
149,248
149,253
149,254
149,256
149,271
149,278
149,280
149,290
149,294
149,299
149,307
149,308
149,316
149,322
149,325
149,333
149,335
149,342
149,346
149,359
149,363
149,366
149,367
149,375
149,377
149,380
149,391
149,393
149,400
149,403
149,407
149,411
149,414
149,427
149,433
149,434
149,452
149,453
149,460
149,464
149,476
149,479
149,485
149,491
149,493
149,499
150,151
150,153
150,154
150,156
150,158
150,162
150,166
150,167
150,171
150,176
150,179
150,191
150,194
150,209
150,211
150,214
150,215
150,220
150,221
150,222
150,232
150,234
150,241
150,246
150,250
150,254
150,256
150,259
150,260
150,262
150,263
150,265
150,266
150,276
150,285
150,286
150,288
150,291
150,300
150,302
150,308
150,309
150,314
150,315
150,316
150,317
150,327
150,333
150,335
150,345
150,346
150,352
150,354
150,367
150,370
150,374
150,375
150,376
150,377
150,381
150,385
150,391
150,392
150,397
150,400
150,403
150,410
150,414
150,425
150,430
150,431
150,433
150,444
150,448
150,451
150,456
150,457
150,462
150,464
150,471
150,476
150,477
150,478
150,479
150,494
150,495
151,163
151,164
151,171
151,177
151,190
151,193
151,195
151,196
151,217
151,228
151,234
151,238
151,241
151,248
151,254
151,260
151,266
151,269
151,271
151,280
151,290
151,295
151,298
151,299
151,305
151,323
151,324
151,326
151,334
151,335
151,337
151,340
151,342
151,345
151,349
151,352
151,360
151,361
151,377
151,383
151,388
151,392
151,394
151,395
151,408
151,411
151,413
151,414
151,429
151,438
151,442
151,444
151,450
151,451
151,454
151,462
151,468
151,471
151,479
151,485
151,486
151,496
151,497
152,156
152,161
152,176
152,181
152,190
152,196
152,197
152,203
152,213
152,224
152,231
152,234
152,235
152,240
152,243
152,255
152,257
152,258
152,259
152,263
152,267
152,274
152,276
152,281
152,284
152,285
152,293
152,297
152,305
152,309
152,320
152,337
152,339
152,341
152,345
152,348
152,351
152,352
152,353
152,356
152,358
152,371
152,375
152,376
152,384
152,385
152,387
152,410
152,413
152,424
152,429
152,430
152,434
152,436
152,446
152,452
152,454
152,458
152,462
152,473
152,478
152,479
152,480
152,482
152,496
152,497
153,156
153,159
153,161
153,162
153,163
153,171
153,178
153,179
153,180
153,181
153,185
153,191
153,197
153,202
153,209
153,223
153,227
153,231
153,234
153,236
153,238
153,251
153,252
153,253
153,258
153,271
153,278
153,285
153,287
153,291
153,292
153,293
153,307
153,308
153,309
153,310
153,314
153,315
153,317
153,324
153,325
153,327
153,329
153,335
153,341
153,342
153,343
153,347
153,349
153,355
153,357
153,359
153,360
153,366
153,372
153,396
153,398
153,403
153,405
153,417
153,433
153,435
153,440
153,442
153,443
153,446
153,451
153,452
153,453
153,458
153,469
153,476
153,494
154,159
154,162
154,179
154,180
154,187
154,188
154,190
154,191
154,193
154,194
154,196
154,197
154,200
154,205
154,211
154,218
154,220
154,221
154,222
154,226
154,229
154,231
154,244
154,245
154,249
154,250
154,256
154,258
154,259
154,260
154,271
154,273
154,280
154,283
154,301
154,308
154,314
154,315
154,324
154,336
154,339
154,351
154,352
154,353
154,356
154,363
154,364
154,365
154,367
154,370
154,374
154,375
154,385
154,386
154,392
154,403
154,407
154,408
154,412
154,421
154,426
154,427
154,440
154,441
154,452
154,456
154,458
154,463
154,467
154,475
154,480
154,483
154,485
154,486
154,491
155,159
155,194
155,196
155,207
155,219
155,221
155,222
155,226
155,229
155,237
155,258
155,259
155,279
155,283
155,285
155,286
155,293
155,302
155,307
155,310
155,311
155,316
155,334
155,343
155,344
155,348
155,349
155,360
155,365
155,369
155,373
155,376
155,381
155,385
155,386
155,388
155,394
155,398
155,400
155,413
155,417
155,418
155,430
155,442
155,443
155,461
155,471
155,486
155,491
156,164
156,170
156,174
156,177
156,179
156,185
156,197
156,204
156,205
156,214
156,221
156,227
156,229
156,246
156,255
156,258
156,260
156,265
156,272
156,273
156,276
156,290
156,297
156,306
156,308
156,315
156,324
156,329
156,339
156,341
156,346
156,347
156,362
156,364
156,367
156,381
156,386
156,388
156,396
156,398
156,412
156,413
156,417
156,420
156,422
156,425
156,427
156,437
156,438
156,445
156,447
156,450
156,456
156,459
156,466
156,477
156,479
156,484
156,491
156,493
156,494
156,496
156,498
156,499
157,158
157,160
157,162
157,167
157,169
157,170
157,174
157,177
157,190
157,195
157,203
157,214
157,222
157,223
157,244
157,250
157,251
157,252
157,259
157,268
157,279
157,282
157,288
157,293
157,295
157,297
157,301
157,307
157,308
157,310
157,313
157,314
157,317
157,319
157,323
157,324
157,335
157,340
157,351
157,362
157,364
157,367
157,371
157,375
157,387
157,389
157,390
157,393
157,406
157,412
157,413
157,418
157,419
157,423
157,426
157,434
157,436
157,438
157,439
157,445
157,450
157,452
157,453
157,454
157,457
157,459
157,467
157,470
157,477
157,484
157,487
157,490
158,162
158,165
158,167
158,171
158,173
158,183
158,187
158,188
158,194
158,200
158,207
158,208
158,209
158,219
158,221
158,231
158,235
158,238
158,242
158,248
158,249
158,250
158,251
158,253
158,257
158,267
158,269
158,272
158,274
158,278
158,280
158,283
158,290
158,291
158,292
158,300
158,301
158,303
158,305
158,309
158,310
158,311
158,314
158,316
158,318
158,331
158,339
158,341
158,346
158,349
158,368
158,376
158,379
158,382
158,386
158,387
158,389
158,404
158,410
158,412
158,413
158,414
158,420
158,427
158,428
158,430
158,436
158,437
158,445
158,460
158,461
158,465
158,478
158,482
158,485
158,487
158,488
158,494
158,499
159,165
159,176
159,186
159,187
159,193
159,199
159,201
159,211
159,216
159,217
159,231
159,243
159,254
159,258
159,259
159,269
159,270
159,271
159,285
159,288
159,291
159,300
159,303
159,304
159,306
159,318
159,320
159,331
159,337
159,338
159,341
159,342
159,355
159,371
159,372
159,377
159,383
159,385
159,392
159,412
159,425
159,430
159,431
159,438
159,441
159,444
159,446
159,448
159,453
159,455
159,466
159,467
159,477
159,478
159,482
160,164
160,166
160,171
160,180
160,187
160,189
160,193
160,205
160,221
160,224
160,225
160,236
160,237
160,239
160,254
160,260
160,264
160,269
160,272
160,281
160,288
160,295
160,296
160,304
160,307
160,308
160,314
160,319
160,320
160,327
160,328
160,334
160,340
160,344
160,348
160,350
160,359
160,361
160,370
160,374
160,376
160,386
160,388
160,392
160,393
160,394
160,399
160,403
160,404
160,409
160,413
160,414
160,418
160,419
160,423
160,443
160,446
160,452
160,455
160,457
160,465
160,470
160,472
160,478
160,482
160,484
160,493
160,499
161,165
161,168
161,169
161,170
161,182
161,183
161,184
161,185
161,188
161,189
161,190
161,192
161,197
161,199
161,203
161,205
161,214
161,223
161,229
161,230
161,238
161,246
161,250
161,253
161,254
161,262
161,275
161,277
161,279
161,282
161,285
161,287
161,288
161,293
161,302
161,303
161,306
161,308
161,310
161,312
161,319
161,321
161,326
161,327
161,328
161,329
161,330
161,334
161,344
161,346
161,352
161,356
161,358
161,368
161,369
161,371
161,372
161,373
161,375
161,377
161,382
161,385
161,404
161,405
161,414
161,417
161,439
161,441
161,452
161,457
161,458
161,476
161,480
161,481
162,164
162,167
162,183
162,196
162,202
162,213
162,215
162,216
162,217
162,220
162,221
162,222
162,232
162,237
162,241
162,249
162,251
162,254
162,267
162,272
162,276
162,288
162,290
162,295
162,297
162,298
162,300
162,306
162,310
162,313
162,314
162,318
162,321
162,325
162,328
162,332
162,337
162,344
162,346
162,367
162,376
162,379
162,396
162,398
162,417
162,425
162,428
162,429
162,433
162,437
162,440
162,444
162,454
162,456
162,465
162,475
162,482
162,486
162,496
162,498
163,166
163,167
163,174
163,183
163,199
163,201
163,210
163,219
163,220
163,224
163,227
163,234
163,239
163,241
163,242
163,258
163,260
163,265
163,267
163,268
163,273
163,277
163,281
163,282
163,289
163,320
163,323
163,328
163,340
163,341
163,342
163,347
163,352
163,363
163,369
163,370
163,373
163,376
163,377
163,378
163,380
163,388
163,391
163,392
163,394
163,400
163,404
163,412
163,413
163,431
163,432
163,453
163,456
163,465
163,479
163,484
164,168
164,169
164,171
164,180
164,191
164,193
164,194
164,230
164,241
164,247
164,254
164,260
164,261
164,267
164,274
164,281
164,286
164,287
164,288
164,290
164,291
164,307
164,319
164,327
164,332
164,333
164,334
164,340
164,348
164,354
164,359
164,369
164,375
164,378
164,379
164,382
164,387
164,391
164,397
164,402
164,403
164,404
164,410
164,414
164,416
164,424
164,428
164,432
164,441
164,449
164,454
164,461
164,469
164,471
164,473
164,477
164,478
164,479
164,486
164,494
164,499
165,170
165,178
165,197
165,209
165,216
165,218
165,231
165,233
165,238
165,239
165,251
165,252
165,253
165,254
165,255
165,258
165,262
165,263
165,269
165,290
165,295
165,308
165,311
165,314
165,317
165,318
165,329
165,351
165,353
165,364
165,367
165,376
165,379
165,382
165,387
165,399
165,408
165,411
165,420
165,421
165,422
165,435
165,448
165,449
165,458
165,474
165,482
165,487
165,491
165,493
165,494
165,495
166,170
166,182
166,203
166,204
166,208
166,216
166,223
166,226
166,228
166,231
166,235
166,242
166,246
166,249
166,252
166,258
166,266
166,272
166,273
166,274
166,280
166,282
166,284
166,292
166,298
166,302
166,303
166,310
166,312
166,331
166,332
166,339
166,364
166,366
166,367
166,368
166,369
166,371
166,373
166,374
166,375
166,384
166,387
166,393
166,394
166,396
166,397
166,400
166,401
166,414
166,416
166,420
166,421
166,427
166,429
166,432
166,441
166,442
166,458
166,466
166,470
166,473
166,490
166,498
167,171
167,187
167,193
167,200
167,203
167,204
167,207
167,209
167,211
167,212
167,217
167,220
167,223
167,229
167,231
167,236
167,242
167,260
167,266
167,273
167,283
167,289
167,292
167,303
167,313
167,314
167,316
167,318
167,320
167,321
167,326
167,328
167,333
167,334
167,337
167,341
167,344
167,350
167,354
167,355
167,356
167,368
167,372
167,380
167,381
167,382
167,383
167,385
167,387
167,415
167,421
167,431
167,434
167,438
167,439
167,442
167,457
167,464
167,469
167,470
167,475
167,479
167,482
167,487
167,491
167,497
168,169
168,170
168,172
168,176
168,178
168,179
168,181
168,183
168,201
168,210
168,211
168,212
168,220
168,221
168,227
168,239
168,240
168,254
168,267
168,276
168,294
168,303
168,322
168,323
168,331
168,337
168,354
168,357
168,359
168,376
168,378
168,380
168,391
168,413
168,414
168,415
168,420
168,437
168,447
168,465
168,466
168,468
168,482
168,487
168,497
169,171
169,181
169,193
169,203
169,207
169,208
169,217
169,233
169,237
169,239
169,240
169,247
169,249
169,253
169,255
169,258
169,260
169,262
169,267
169,269
169,277
169,281
169,285
169,287
169,288
169,298
169,300
169,305
169,312
169,317
169,321
169,323
169,326
169,331
169,337
169,345
169,355
169,357
169,362
169,367
169,379
169,383
169,395
169,396
169,400
169,411
169,419
169,424
169,427
169,428
169,432
169,433
169,440
169,447
169,450
169,455
169,457
169,461
169,473
169,474
169,476
169,487
169,499
170,182
170,183
170,184
170,185
170,191
170,196
170,212
170,215
170,216
170,231
170,232
170,234
170,242
170,250
170,265
170,276
170,277
170,281
170,284
170,287
170,305
170,306
170,310
170,318
170,324
170,326
170,329
170,334
170,343
170,347
170,351
170,356
170,367
170,370
170,389
170,393
170,395
170,401
170,409
170,420
170,428
170,431
170,451
170,459
170,460
170,480
170,483
171,176
171,177
171,183
171,184
171,185
171,188
171,194
171,200
171,201
171,202
171,203
171,208
171,212
171,220
171,221
171,224
171,225
171,230
171,231
171,243
171,255
171,261
171,272
171,277
171,278
171,279
171,281
171,288
171,289
171,294
171,298
171,299
171,300
171,302
171,304
171,306
171,307
171,310
171,313
171,315
171,328
171,330
171,331
171,340
171,344
171,346
171,349
171,351
171,357
171,362
171,365
171,371
171,376
171,379
171,382
171,390
171,395
171,400
171,403
171,408
171,410
171,413
171,416
171,427
171,440
171,441
171,442
171,443
171,448
171,449
171,455
171,462
171,465
171,466
171,468
171,469
171,479
171,485
171,490
171,493
171,494
172,178
172,186
172,189
172,192
172,199
172,204
172,219
172,220
172,227
172,233
172,246
172,257
172,258
172,262
172,267
172,282
172,291
172,315
172,319
172,325
172,330
172,346
172,361
172,376
172,377
172,379
172,381
172,383
172,387
172,389
172,395
172,405
172,410
172,412
172,419
172,427
172,429
172,440
172,452
172,456
172,460
172,466
172,467
172,476
172,486
172,488
172,495
172,497
172,498
173,177
173,180
173,184
173,186
173,192
173,200
173,206
173,208
173,211
173,214
173,215
173,216
173,217
173,218
173,219
173,220
173,221
173,225
173,236
173,239
173,240
173,242
173,244
173,245
173,251
173,258
173,269
173,281
173,292
173,305
173,312
173,324
173,331
173,332
173,333
173,338
173,339
173,343
173,344
173,358
173,362
173,365
173,366
173,370
173,372
173,375
173,376
173,379
173,384
173,392
173,395
173,398
173,402
173,404
173,407
173,419
173,422
173,423
173,427
173,429
173,431
173,432
173,442
173,444
173,445
173,446
173,458
173,459
173,473
173,478
173,482
173,484
173,488
173,491
173,494
173,496
173,497
174,178
174,188
174,191
174,209
174,216
174,218
174,226
174,229
174,233
174,236
174,242
174,245
174,251
174,254
174,255
174,257
174,260
174,261
174,263
174,266
174,276
174,282
174,285
174,288
174,295
174,300
174,310
174,317
174,329
174,331
174,334
174,346
174,347
174,349
174,350
174,352
174,357
174,358
174,360
174,362
174,363
174,366
174,376
174,382
174,389
174,391
174,393
174,396
174,400
174,403
174,404
174,405
174,418
174,421
174,423
174,424
174,427
174,433
174,443
174,462
174,471
174,473
174,474
174,480
174,485
175,177
175,180
175,193
175,196
175,201
175,204
175,208
175,212
175,213
175,214
175,215
175,218
175,222
175,228
175,240
175,258
175,262
175,267
175,269
175,276
175,290
175,300
175,304
175,306
175,309
175,310
175,318
175,323
175,328
175,329
175,332
175,334
175,340
175,343
175,349
175,351
175,353
175,354
175,355
175,362
175,372
175,380
175,381
175,389
175,393
175,395
175,403
175,406
175,421
175,426
175,437
175,440
175,445
175,452
175,453
175,460
175,472
175,481
175,483
175,484
175,487
175,488
176,177
176,183
176,184
176,187
176,192
176,193
176,202
176,206
176,214
176,217
176,220
176,223
176,229
176,236
176,237
176,238
176,240
176,241
176,245
176,251
176,269
176,271
176,284
176,285
176,286
176,289
176,299
176,306
176,313
176,315
176,317
176,318
176,320
176,321
176,331
176,339
176,341
176,346
176,348
176,355
176,356
176,358
176,361
176,374
176,377
176,378
176,381
176,382
176,389
176,391
176,392
176,403
176,411
176,422
176,425
176,426
176,435
176,443
176,444
176,445
176,448
176,455
176,456
176,458
176,467
176,472
176,476
176,478
176,479
176,481
176,486
176,490
176,498
177,182
177,194
177,195
177,198
177,210
177,212
177,214
177,218
177,223
177,225
177,227
177,231
177,236
177,243
177,245
177,253
177,254
177,259
177,261
177,264
177,273
177,275
177,280
177,284
177,286
177,293
177,296
177,300
177,303
177,304
177,306
177,307
177,314
177,317
177,321
177,325
177,331
177,333
177,339
177,341
177,350
177,357
177,370
177,375
177,377
177,378
177,382
177,387
177,392
177,394
177,396
177,402
177,406
177,411
177,413
177,414
177,415
177,422
177,425
177,441
177,442
177,457
177,464
177,469
177,477
177,482
177,487
178,183
178,185
178,194
178,196
178,200
178,206
178,216
178,226
178,227
178,230
178,232
178,244
178,253
178,261
178,263
178,265
178,268
178,274
178,278
178,287
178,296
178,300
178,301
178,308
178,312
178,324
178,327
178,344
178,345
178,346
178,349
178,353
178,354
178,355
178,357
178,362
178,373
178,382
178,383
178,385
178,390
178,407
178,409
178,417
178,424
178,426
178,431
178,435
178,444
178,449
178,460
178,462
178,463
178,468
178,470
178,481
178,491
179,180
179,187
179,189
179,194
179,195
179,196
179,200
179,201
179,205
179,209
179,211
179,213
179,216
179,222
179,225
179,231
179,233
179,234
179,241
179,246
179,252
179,255
179,260
179,275
179,281
179,285
179,287
179,291
179,297
179,300
179,304
179,307
179,308
179,317
179,323
179,328
179,330
179,341
179,345
179,346
179,348
179,351
179,355
179,358
179,359
179,364
179,368
179,370
179,373
179,377
179,387
179,395
179,422
179,425
179,430
179,432
179,433
179,446
179,450
179,471
179,476
179,480
179,481
179,484
179,489
179,490
179,494
179,497
180,181
180,182
180,183
180,192
180,196
180,218
180,225
180,236
180,242
180,244
180,267
180,269
180,274
180,276
180,280
180,285
180,286
180,294
180,298
180,299
180,306
180,307
180,311
180,318
180,334
180,335
180,336
180,337
180,340
180,341
180,342
180,354
180,356
180,362
180,365
180,367
180,369
180,372
180,373
180,376
180,386
180,393
180,394
180,397
180,398
180,401
180,402
180,407
180,418
180,424
180,425
180,427
180,437
180,446
180,454
180,461
180,464
180,469
180,471
180,479
180,480
181,182
181,183
181,196
181,197
181,203
181,207
181,210
181,212
181,213
181,221
181,234
181,243
181,246
181,249
181,281
181,282
181,286
181,287
181,290
181,299
181,304
181,308
181,313
181,315
181,316
181,320
181,326
181,327
181,328
181,329
181,331
181,335
181,344
181,347
181,353
181,354
181,357
181,359
181,362
181,369
181,371
181,374
181,376
181,388
181,396
181,399
181,401
181,403
181,405
181,412
181,418
181,420
181,421
181,425
181,435
181,441
181,453
181,464
181,470
181,478
181,490
181,492
181,497
182,188
182,203
182,214
182,217
182,220
182,222
182,230
182,232
182,245
182,248
182,251
182,254
182,258
182,263
182,270
182,272
182,280
182,285
182,297
182,305
182,306
182,308
182,315
182,337
182,338
182,342
182,344
182,348
182,354
182,362
182,370
182,372
182,373
182,376
182,377
182,385
182,386
182,399
182,401
182,404
182,411
182,413
182,414
182,417
182,424
182,428
182,429
182,433
182,434
182,436
182,440
182,443
182,444
182,450
182,454
182,458
182,460
182,465
182,473
182,475
182,487
182,488
182,490
182,493
182,496
183,192
183,193
183,194
183,198
183,200
183,211
183,212
183,214
183,220
183,224
183,234
183,236
183,247
183,248
183,250
183,251
183,264
183,275
183,284
183,286
183,291
183,297
183,303
183,305
183,306
183,307
183,314
183,316
183,319
183,320
183,321
183,326
183,330
183,332
183,333
183,335
183,337
183,344
183,345
183,351
183,352
183,356
183,360
183,363
183,364
183,367
183,368
183,370
183,375
183,376
183,377
183,382
183,390
183,391
183,394
183,397
183,400
183,403
183,405
183,407
183,409
183,415
183,427
183,429
183,430
183,439
183,447
183,452
183,458
183,463
183,464
183,467
183,476
183,478
183,480
183,489
183,495
183,497
183,498
184,187
184,190
184,192
184,197
184,201
184,209
184,230
184,232
184,234
184,240
184,242
184,255
184,256
184,257
184,272
184,275
184,278
184,280
184,281
184,282
184,284
184,285
184,296
184,298
184,299
184,302
184,306
184,307
184,322
184,323
184,334
184,339
184,341
184,345
184,365
184,372
184,373
184,376
184,379
184,381
184,386
184,389
184,393
184,394
184,396
184,401
184,404
184,406
184,407
184,411
184,437
184,455
184,456
184,458
184,462
184,471
184,475
184,484
184,486
184,488
184,489
184,494
185,188
185,199
185,204
185,215
185,219
185,221
185,234
185,237
185,257
185,264
185,270
185,289
185,298
185,308
185,311
185,313
185,315
185,336
185,337
185,342
185,343
185,348
185,349
185,357
185,359
185,365
185,369
185,372
185,376
185,393
185,398
185,404
185,408
185,411
185,416
185,423
185,424
185,428
185,441
185,444
185,445
185,446
185,449
185,455
185,456
185,459
185,460
185,464
185,471
185,478
185,480
185,497
185,498
186,189
186,196
186,204
186,230
186,232
186,238
186,239
186,263
186,264
186,266
186,275
186,277
186,282
186,288
186,309
186,317
186,322
186,325
186,334
186,359
186,364
186,375
186,381
186,382
186,383
186,395
186,397
186,414
186,418
186,419
186,421
186,427
186,432
186,439
186,444
186,447
186,448
186,450
186,451
186,458
186,464
186,466
186,482
186,485
186,487
186,488
186,495
187,209
187,219
187,220
187,232
187,236
187,240
187,251
187,255
187,257
187,260
187,265
187,273
187,281
187,286
187,288
187,290
187,297
187,298
187,302
187,305
187,307
187,311
187,326
187,328
187,334
187,335
187,337
187,339
187,344
187,347
187,349
187,356
187,357
187,359
187,362
187,363
187,364
187,377
187,395
187,427
187,446
187,448
187,456
187,458
187,460
187,463
187,464
187,467
187,474
187,477
187,478
187,486
187,491
187,494
187,498
188,192
188,194
188,200
188,202
188,213
188,217
188,218
188,220
188,222
188,224
188,226
188,230
188,233
188,234
188,235
188,238
188,247
188,249
188,251
188,253
188,267
188,278
188,283
188,288
188,294
188,297
188,299
188,306
188,316
188,317
188,318
188,320
188,321
188,322
188,331
188,349
188,363
188,364
188,367
188,380
188,385
188,389
188,396
188,403
188,405
188,414
188,417
188,418
188,419
188,453
188,462
188,466
188,473
188,474
188,475
188,476
188,486
188,492
188,494
188,495
189,201
189,202
189,203
189,208
189,220
189,225
189,227
189,231
189,234
189,236
189,242
189,247
189,260
189,261
189,263
189,264
189,270
189,274
189,277
189,281
189,287
189,292
189,294
189,297
189,302
189,306
189,313
189,315
189,323
189,328
189,334
189,339
189,340
189,345
189,347
189,349
189,353
189,354
189,359
189,366
189,373
189,378
189,394
189,397
189,398
189,403
189,413
189,415
189,418
189,427
189,431
189,433
189,450
189,455
189,464
189,466
189,469
189,475
189,478
190,196
190,201
190,205
190,211
190,220
190,221
190,222
190,223
190,228
190,238
190,241
190,252
190,258
190,259
190,262
190,263
190,268
190,279
190,280
190,284
190,292
190,295
190,296
190,298
190,300
190,301
190,303
190,306
190,312
190,313
190,316
190,318
190,322
190,325
190,331
190,346
190,352
190,356
190,357
190,368
190,371
190,372
190,376
190,384
190,386
190,391
190,405
190,407
190,420
190,422
190,425
190,426
190,427
190,438
190,443
190,455
190,463
190,464
190,469
190,476
190,484
190,489
191,193
191,194
191,206
191,208
191,212
191,216
191,217
191,225
191,226
191,227
191,229
191,233
191,238
191,245
191,247
191,254
191,257
191,269
191,280
191,294
191,302
191,303
191,304
191,306
191,314
191,324
191,326
191,351
191,352
191,355
191,357
191,367
191,370
191,380
191,386
191,392
191,403
191,404
191,415
191,418
191,423
191,432
191,449
191,458
191,463
191,464
191,466
191,477
191,480
191,482
191,491
191,498
192,202
192,209
192,211
192,213
192,217
192,220
192,223
192,224
192,227
192,237
192,241
192,246
192,249
192,250
192,255
192,265
192,268
192,279
192,282
192,290
192,299
192,300
192,301
192,318
192,321
192,332
192,357
192,359
192,379
192,384
192,386
192,389
192,393
192,403
192,412
192,413
192,420
192,422
192,435
192,443
192,447
192,452
192,456
192,461
192,469
192,472
192,479
192,483
192,485
192,489
192,490
192,496
193,195
193,199
193,210
193,211
193,214
193,216
193,217
193,220
193,221
193,222
193,225
193,228
193,230
193,236
193,237
193,248
193,255
193,256
193,258
193,260
193,261
193,263
193,266
193,269
193,270
193,272
193,273
193,284
193,306
193,312
193,315
193,322
193,325
193,328
193,338
193,339
193,347
193,349
193,364
193,373
193,381
193,387
193,393
193,409
193,414
193,418
193,423
193,432
193,433
193,440
193,448
193,449
193,464
193,465
193,469
193,473
193,474
193,478
193,483
193,488
193,489
193,496
193,497
193,498
193,499
194,196
194,204
194,208
194,209
194,210
194,212
194,215
194,223
194,227
194,230
194,232
194,233
194,249
194,254
194,255
194,256
194,267
194,268
194,270
194,271
194,274
194,286
194,288
194,291
194,293
194,299
194,300
194,316
194,317
194,323
194,327
194,328
194,332
194,340
194,345
194,346
194,348
194,349
194,351
194,352
194,355
194,356
194,357
194,361
194,364
194,369
194,370
194,371
194,376
194,377
194,382
194,384
194,393
194,394
194,396
194,397
194,398
194,413
194,415
194,417
194,418
194,420
194,421
194,425
194,427
194,435
194,443
194,452
194,453
194,454
194,455
194,457
194,460
194,463
194,465
194,468
194,469
194,472
194,476
194,480
194,485
194,488
194,490
194,494
195,201
195,207
195,208
195,211
195,217
195,232
195,236
195,238
195,239
195,241
195,243
195,246
195,254
195,256
195,259
195,261
195,268
195,271
195,284
195,286
195,287
195,289
195,297
195,305
195,306
195,323
195,326
195,336
195,340
195,345
195,349
195,351
195,361
195,365
195,368
195,372
195,378
195,389
195,392
195,394
195,401
195,418
195,421
195,422
195,423
195,426
195,427
195,433
195,441
195,446
195,447
195,452
195,459
195,461
195,464
195,467
195,470
195,471
195,472
195,484
195,499
196,197
196,198
196,202
196,205
196,206
196,220
196,221
196,228
196,232
196,245
196,249
196,258
196,261
196,263
196,265
196,276
196,280
196,281
196,285
196,288
196,289
196,293
196,299
196,307
196,309
196,312
196,313
196,320
196,333
196,338
196,342
196,349
196,352
196,353
196,356
196,362
196,367
196,368
196,369
196,372
196,377
196,378
196,385
196,386
196,387
196,388
196,392
196,393
196,395
196,401
196,404
196,412
196,420
196,424
196,428
196,430
196,439
196,440
196,442
196,443
196,444
196,453
196,456
196,461
196,463
196,467
196,469
196,470
196,474
196,477
196,478
196,480
196,481
196,490
196,493
196,494
196,495
196,498
197,202
197,208
197,213
197,216
197,217
197,220
197,225
197,226
197,234
197,237
197,241
197,242
197,256
197,260
197,261
197,266
197,269
197,270
197,277
197,283
197,290
197,298
197,303
197,305
197,307
197,311
197,315
197,316
197,323
197,331
197,332
197,334
197,338
197,344
197,352
197,363
197,369
197,385
197,387
197,389
197,404
197,409
197,423
197,424
197,426
197,432
197,441
197,442
197,444
197,448
197,458
197,461
197,466
197,467
197,476
197,489
197,491
197,494
197,499
198,199
198,208
198,210
198,212
198,215
198,225
198,230
198,231
198,242
198,243
198,250
198,252
198,254
198,255
198,263
198,266
198,270
198,279
198,287
198,288
198,290
198,291
198,293
198,297
198,298
198,299
198,301
198,303
198,307
198,326
198,328
198,332
198,336
198,343
198,347
198,350
198,354
198,355
198,356
198,361
198,363
198,365
198,376
198,382
198,389
198,395
198,402
198,407
198,410
198,415
198,425
198,426
198,428
198,434
198,441
198,445
198,457
198,460
198,468
198,469
198,472
198,475
198,480
198,483
198,484
198,486
198,488
198,494
198,497
199,200
199,201
199,204
199,208
199,216
199,218
199,219
199,226
199,228
199,231
199,242
199,243
199,249
199,254
199,255
199,256
199,261
199,265
199,267
199,272
199,275
199,277
199,278
199,279
199,290
199,294
199,297
199,298
199,301
199,311
199,314
199,318
199,319
199,326
199,327
199,328
199,333
199,358
199,364
199,365
199,370
199,371
199,376
199,377
199,386
199,413
199,426
199,430
199,440
199,442
199,446
199,448
199,458
199,463
199,464
199,466
199,471
199,473
199,483
199,485
200,204
200,217
200,237
200,239
200,242
200,250
200,255
200,260
200,263
200,267
200,271
200,274
200,276
200,278
200,283
200,288
200,295
200,297
200,312
200,316
200,322
200,324
200,326
200,335
200,337
200,350
200,354
200,358
200,359
200,363
200,374
200,378
200,386
200,388
200,410
200,417
200,425
200,440
200,447
200,451
200,454
200,457
200,459
200,461
200,467
200,468
200,469
200,475
200,479
200,486
200,491
200,494
200,499
201,203
201,209
201,211
201,213
201,221
201,223
201,224
201,225
201,231
201,244
201,250
201,258
201,275
201,305
201,309
201,315
201,325
201,343
201,346
201,352
201,358
201,360
201,362
201,368
201,375
201,380
201,386
201,394
201,395
201,398
201,400
201,401
201,406
201,414
201,425
201,429
201,431
201,432
201,436
201,450
201,463
201,471
201,473
201,474
201,475
201,476
201,483
201,485
201,487
201,488
201,489
201,490
201,498
202,203
202,212
202,214
202,220
202,223
202,229
202,231
202,233
202,236
202,237
202,245
202,247
202,248
202,252
202,258
202,262
202,263
202,264
202,273
202,276
202,284
202,286
202,297
202,303
202,306
202,313
202,315
202,320
202,322
202,329
202,334
202,337
202,339
202,345
202,355
202,360
202,361
202,379
202,385
202,386
202,388
202,391
202,392
202,394
202,402
202,403
202,406
202,407
202,408
202,409
202,411
202,414
202,417
202,429
202,434
202,436
202,440
202,449
202,453
202,459
202,461
202,464
202,469
202,473
202,474
202,482
202,485
202,498
202,499
203,205
203,211
203,226
203,232
203,237
203,238
203,239
203,244
203,252
203,253
203,260
203,263
203,264
203,265
203,268
203,269
203,270
203,273
203,281
203,283
203,285
203,290
203,300
203,306
203,313
203,316
203,321
203,328
203,330
203,336
203,341
203,345
203,347
203,350
203,355
203,364
203,367
203,369
203,370
203,376
203,383
203,384
203,388
203,393
203,395
203,402
203,415
203,416
203,429
203,432
203,433
203,435
203,441
203,444
203,462
203,467
203,474
203,475
203,485
203,490
204,224
204,225
204,226
204,228
204,231
204,233
204,236
204,242
204,250
204,253
204,256
204,258
204,263
204,264
204,269
204,270
204,277
204,286
204,294
204,312
204,316
204,317
204,331
204,343
204,344
204,347
204,353
204,367
204,374
204,376
204,379
204,385
204,390
204,392
204,394
204,396
204,402
204,414
204,417
204,420
204,426
204,427
204,428
204,432
204,434
204,439
204,445
204,447
204,448
204,454
204,457
204,469
204,470
204,473
204,474
204,476
204,481
204,484
204,490
204,494
205,221
205,227
205,233
205,235
205,239
205,245
205,257
205,260
205,262
205,263
205,266
205,271
205,272
205,277
205,280
205,284
205,290
205,291
205,293
205,297
205,298
205,301
205,302
205,306
205,311
205,317
205,321
205,325
205,328
205,329
205,333
205,336
205,344
205,347
205,349
205,350
205,353
205,356
205,370
205,379
205,380
205,389
205,391
205,394
205,398
205,400
205,403
205,407
205,408
205,416
205,418
205,428
205,434
205,442
205,443
205,445
205,446
205,447
205,450
205,457
205,460
205,461
205,462
205,463
205,467
205,469
205,472
205,473
205,480
205,481
205,484
205,493
205,496
205,497
206,210
206,219
206,221
206,222
206,225
206,233
206,236
206,245
206,254
206,257
206,258
206,262
206,267
206,271
206,280
206,285
206,308
206,320
206,329
206,332
206,333
206,336
206,347
206,359
206,366
206,376
206,382
206,388
206,389
206,406
206,408
206,410
206,411
206,419
206,432
206,433
206,439
206,448
206,449
206,455
206,457
206,463
206,481
206,483
206,488
206,498
207,208
207,218
207,233
207,238
207,240
207,247
207,251
207,254
207,255
207,258
207,283
207,286
207,307
207,308
207,310
207,312
207,317
207,322
207,325
207,329
207,331
207,332
207,338
207,339
207,340
207,351
207,352
207,353
207,368
207,372
207,389
207,397
207,407
207,414
207,418
207,424
207,431
207,432
207,439
207,451
207,464
207,466
207,467
207,469
207,472
207,489
207,490
207,491
207,496
208,209
208,211
208,212
208,216
208,218
208,220
208,224
208,243
208,245
208,247
208,248
208,251
208,254
208,262
208,265
208,269
208,275
208,277
208,279
208,295
208,300
208,304
208,305
208,314
208,327
208,333
208,338
208,341
208,345
208,346
208,364
208,365
208,381
208,382
208,395
208,399
208,403
208,413
208,414
208,416
208,420
208,422
208,424
208,427
208,429
208,431
208,433
208,439
208,442
208,465
208,470
208,473
208,477
208,478
208,485
208,490
208,491
208,495
209,212
209,216
209,218
209,220
209,225
209,234
209,235
209,250
209,262
209,263
209,266
209,271
209,280
209,285
209,286
209,289
209,291
209,294
209,296
209,306
209,308
209,310
209,312
209,313
209,315
209,329
209,330
209,331
209,334
209,336
209,338
209,344
209,347
209,349
209,353
209,360
209,365
209,366
209,367
209,370
209,380
209,386
209,387
209,394
209,395
209,396
209,400
209,414
209,415
209,430
209,432
209,434
209,435
209,436
209,438
209,439
209,443
209,444
209,447
209,451
209,463
209,477
209,482
209,485
209,486
209,489
209,490
209,491
209,494
209,497
209,499
210,220
210,227
210,228
210,229
210,232
210,233
210,235
210,237
210,243
210,247
210,253
210,257
210,264
210,268
210,269
210,285
210,287
210,288
210,289
210,292
210,296
210,298
210,311
210,314
210,317
210,322
210,326
210,330
210,335
210,336
210,340
210,346
210,349
210,352
210,362
210,363
210,367
210,368
210,374
210,380
210,384
210,387
210,389
210,393
210,394
210,402
210,413
210,414
210,425
210,428
210,432
210,433
210,434
210,439
210,441
210,445
210,461
210,469
210,473
210,475
210,481
210,486
210,488
210,497
211,212
211,213
211,216
211,235
211,247
211,250
211,251
211,252
211,254
211,259
211,261
211,266
211,269
211,278
211,296
211,298
211,299
211,305
211,312
211,322
211,325
211,326
211,327
211,334
211,340
211,357
211,358
211,360
211,361
211,365
211,368
211,370
211,373
211,377
211,378
211,380
211,384
211,386
211,390
211,391
211,393
211,394
211,412
211,416
211,417
211,422
211,433
211,437
211,440
211,442
211,450
211,451
211,456
211,457
211,461
211,463
211,475
211,488
211,489
211,497
211,498
212,215
212,219
212,221
212,233
212,237
212,239
212,242
212,250
212,251
212,252
212,258
212,264
212,267
212,271
212,272
212,276
212,280
212,281
212,287
212,288
212,289
212,290
212,295
212,299
212,314
212,327
212,328
212,331
212,333
212,335
212,338
212,345
212,350
212,358
212,362
212,369
212,376
212,386
212,388
212,403
212,405
212,416
212,417
212,424
212,432
212,434
212,435
212,438
212,440
212,445
212,446
212,450
212,458
212,464
212,465
212,474
212,475
212,482
212,492
212,496
212,497
213,214
213,223
213,224
213,233
213,234
213,235
213,237
213,240
213,242
213,243
213,246
213,247
213,252
213,262
213,268
213,269
213,271
213,284
213,291
213,295
213,296
213,298
213,313
213,322
213,324
213,330
213,337
213,342
213,343
213,344
213,350
213,357
213,366
213,372
213,375
213,385
213,391
213,398
213,409
213,411
213,415
213,419
213,424
213,425
213,428
213,430
213,439
213,443
213,447
213,456
213,459
213,460
213,462
213,464
213,475
213,477
213,485
213,496
214,217
214,224
214,227
214,233
214,234
214,240
214,242
214,250
214,255
214,272
214,283
214,301
214,304
214,306
214,309
214,313
214,318
214,325
214,328
214,335
214,339
214,347
214,348
214,349
214,352
214,357
214,359
214,363
214,366
214,374
214,376
214,379
214,394
214,399
214,400
214,404
214,410
214,417
214,423
214,424
214,425
214,433
214,439
214,440
214,443
214,449
214,450
214,451
214,465
214,466
214,468
214,470
214,472
214,474
214,483
214,484
214,492
214,496
214,498
215,221
215,222
215,227
215,232
215,235
215,239
215,241
215,250
215,257
215,258
215,262
215,269
215,278
215,282
215,283
215,291
215,301
215,304
215,305
215,309
215,316
215,329
215,332
215,337
215,338
215,343
215,351
215,353
215,357
215,358
215,359
215,372
215,376
215,379
215,388
215,393
215,396
215,397
215,401
215,407
215,416
215,429
215,430
215,432
215,436
215,437
215,444
215,454
215,456
215,461
215,462
215,464
215,465
215,468
215,478
215,479
215,481
215,490
215,491
216,220
216,222
216,228
216,233
216,234
216,235
216,237
216,240
216,242
216,243
216,245
216,251
216,260
216,261
216,264
216,268
216,269
216,277
216,278
216,281
216,285
216,287
216,288
216,289
216,294
216,303
216,304
216,310
216,312
216,313
216,317
216,318
216,320
216,321
216,325
216,333
216,335
216,340
216,342
216,343
216,348
216,357
216,358
216,377
216,388
216,402
216,405
216,406
216,411
216,419
216,421
216,427
216,432
216,439
216,442
216,443
216,452
216,453
216,456
216,459
216,461
216,463
216,465
216,469
216,472
216,481
216,488
216,494
217,219
217,222
217,224
217,227
217,239
217,246
217,252
217,253
217,264
217,273
217,274
217,278
217,279
217,297
217,301
217,303
217,309
217,312
217,313
217,318
217,320
217,334
217,338
217,352
217,363
217,368
217,374
217,387
217,391
217,398
217,400
217,402
217,403
217,405
217,406
217,407
217,410
217,411
217,413
217,420
217,422
217,423
217,428
217,436
217,439
217,442
217,459
217,460
217,461
217,462
217,468
217,487
218,233
218,240
218,252
218,253
218,255
218,263
218,264
218,267
218,275
218,278
218,281
218,288
218,296
218,301
218,306
218,309
218,316
218,322
218,328
218,331
218,334
218,345
218,346
218,347
218,363
218,366
218,374
218,380
218,381
218,384
218,389
218,391
218,400
218,407
218,408
218,424
218,427
218,440
218,442
218,443
218,447
218,453
218,461
218,475
218,480
218,481
218,493
219,228
219,232
219,233
219,234
219,243
219,256
219,268
219,276
219,277
219,278
219,279
219,287
219,291
219,299
219,304
219,316
219,321
219,322
219,323
219,324
219,326
219,328
219,330
219,331
219,334
219,335
219,343
219,346
219,348
219,350
219,353
219,363
219,365
219,378
219,380
219,389
219,394
219,398
219,399
219,402
219,403
219,419
219,426
219,428
219,430
219,434
219,442
219,455
219,461
219,467
219,470
219,487
219,488
219,492
220,226
220,229
220,235
220,236
220,242
220,244
220,249
220,257
220,261
220,263
220,272
220,275
220,276
220,277
220,278
220,283
220,291
220,294
220,295
220,302
220,304
220,309
220,316
220,327
220,331
220,333
220,343
220,354
220,366
220,369
220,372
220,376
220,381
220,382
220,383
220,392
220,396
220,398
220,405
220,408
220,412
220,416
220,418
220,419
220,420
220,426
220,429
220,442
220,450
220,451
220,455
220,457
220,458
220,461
220,467
220,468
220,470
220,473
220,474
220,477
220,479
220,481
220,482
220,483
220,496
221,223
221,226
221,237
221,248
221,249
221,255
221,274
221,276
221,280
221,293
221,303
221,308
221,313
221,316
221,326
221,329
221,341
221,345
221,346
221,352
221,356
221,359
221,369
221,376
221,377
221,382
221,384
221,388
221,391
221,393
221,415
221,416
221,423
221,426
221,428
221,430
221,432
221,434
221,441
221,444
221,450
221,451
221,455
221,457
221,460
221,461
221,471
221,474
221,478
221,488
221,495
222,225
222,229
222,230
222,242
222,245
222,247
222,251
222,258
222,267
222,269
222,270
222,272
222,277
222,279
222,287
222,301
222,313
222,327
222,328
222,333
222,336
222,339
222,341
222,343
222,352
222,355
222,359
222,365
222,367
222,369
222,373
222,380
222,382
222,387
222,388
222,392
222,393
222,396
222,402
222,412
222,416
222,417
222,418
222,419
222,426
222,428
222,429
222,430
222,432
222,434
222,441
222,445
222,447
222,454
222,463
222,479
222,483
222,494
223,238
223,240
223,247
223,248
223,262
223,264
223,265
223,268
223,276
223,291
223,293
223,294
223,295
223,298
223,315
223,317
223,322
223,324
223,330
223,339
223,341
223,346
223,355
223,368
223,376
223,377
223,388
223,389
223,393
223,395
223,401
223,403
223,407
223,414
223,416
223,420
223,422
223,423
223,436
223,438
223,440
223,441
223,446
223,455
223,458
223,463
223,464
223,466
223,470
223,476
223,479
223,483
223,487
223,490
223,492
223,496
223,499
224,231
224,236
224,245
224,263
224,272
224,287
224,294
224,295
224,312
224,315
224,323
224,337
224,342
224,352
224,355
224,356
224,357
224,368
224,372
224,373
224,375
224,385
224,394
224,398
224,409
224,416
224,424
224,434
224,436
224,439
224,453
224,454
224,461
224,468
224,475
224,479
224,482
224,488
224,492
224,493
224,497
225,231
225,233
225,237
225,248
225,249
225,253
225,258
225,261
225,265
225,273
225,280
225,285
225,287
225,289
225,311
225,319
225,323
225,331
225,336
225,337
225,338
225,340
225,341
225,346
225,362
225,368
225,382
225,395
225,398
225,402
225,403
225,407
225,409
225,411
225,418
225,431
225,432
225,448
225,451
225,472
225,489
226,235
226,236
226,241
226,252
226,265
226,267
226,268
226,269
226,272
226,273
226,276
226,279
226,283
226,296
226,301
226,304
226,310
226,313
226,327
226,331
226,332
226,334
226,339
226,341
226,346
226,357
226,360
226,362
226,369
226,371
226,376
226,381
226,385
226,393
226,396
226,401
226,405
226,406
226,411
226,419
226,429
226,432
226,438
226,447
226,450
226,457
226,468
226,475
226,486
226,488
226,489
226,491
226,493
226,494
226,495
226,496
226,497
227,233
227,236
227,247
227,249
227,251
227,255
227,257
227,266
227,270
227,271
227,274
227,276
227,292
227,305
227,306
227,310
227,315
227,319
227,324
227,332
227,333
227,334
227,342
227,343
227,345
227,353
227,360
227,361
227,369
227,374
227,376
227,377
227,380
227,383
227,394
227,398
227,400
227,410
227,427
227,434
227,439
227,444
227,447
227,448
227,449
227,457
227,466
227,467
227,468
227,472
227,473
227,479
227,480
227,488
227,489
227,490
227,492
227,496
228,237
228,239
228,246
228,252
228,257
228,260
228,264
228,265
228,275
228,279
228,283
228,284
228,285
228,295
228,297
228,298
228,302
228,306
228,309
228,312
228,316
228,322
228,328
228,331
228,335
228,338
228,341
228,371
228,373
228,374
228,375
228,376
228,391
228,392
228,403
228,409
228,413
228,414
228,415
228,419
228,421
228,437
228,446
228,447
228,450
228,451
228,454
228,458
228,463
228,473
228,477
228,478
228,479
228,498
229,236
229,239
229,241
229,275
229,293
229,311
229,314
229,323
229,326
229,329
229,334
229,367
229,370
229,371
229,375
229,392
229,393
229,400
229,406
229,413
229,418
229,421
229,423
229,454
229,458
229,464
229,467
229,470
229,478
229,484
229,487
229,490
229,491
230,236
230,237
230,255
230,259
230,260
230,274
230,276
230,281
230,286
230,287
230,291
230,292
230,307
230,317
230,322
230,323
230,333
230,334
230,335
230,348
230,350
230,357
230,360
230,361
230,367
230,368
230,370
230,381
230,382
230,384
230,392
230,394
230,395
230,400
230,401
230,404
230,411
230,414
230,418
230,420
230,424
230,425
230,435
230,438
230,444
230,450
230,455
230,461
230,462
230,463
230,467
230,470
230,472
230,481
230,483
230,484
230,490
230,492
231,239
231,242
231,262
231,265
231,268
231,269
231,270
231,285
231,287
231,288
231,289
231,295
231,312
231,318
231,320
231,333
231,334
231,341
231,350
231,357
231,370
231,386
231,388
231,392
231,393
231,394
231,396
231,405
231,409
231,419
231,420
231,424
231,427
231,430
231,437
231,439
231,452
231,465
231,466
231,478
231,479
231,489
231,495
232,238
232,239
232,240
232,243
232,259
232,269
232,272
232,276
232,281
232,282
232,287
232,290
232,295
232,300
232,308
232,310
232,318
232,323
232,326
232,328
232,335
232,346
232,350
232,355
232,357
232,359
232,362
232,370
232,375
232,376
232,380
232,384
232,386
232,392
232,397
232,402
232,403
232,407
232,412
232,416
232,421
232,428
232,441
232,453
232,455
232,463
232,464
232,466
232,468
232,475
232,480
232,485
232,487
233,246
233,250
233,254
233,269
233,274
233,285
233,291
233,292
233,299
233,302
233,304
233,305
233,307
233,320
233,328
233,341
233,348
233,354
233,360
233,362
233,372
233,373
233,374
233,391
233,393
233,397
233,399
233,412
233,414
233,415
233,416
233,418
233,420
233,421
233,429
233,432
233,433
233,438
233,442
233,449
233,459
233,460
233,465
233,472
233,480
233,481
233,489
234,238
234,242
234,244
234,245
234,247
234,249
234,250
234,257
234,258
234,260
234,261
234,264
234,266
234,268
234,270
234,276
234,282
234,284
234,285
234,291
234,297
234,313
234,318
234,319
234,321
234,333
234,334
234,336
234,339
234,340
234,342
234,347
234,350
234,353
234,354
234,357
234,359
234,363
234,370
234,373
234,382
234,384
234,387
234,391
234,395
234,406
234,409
234,410
234,413
234,414
234,415
234,416
234,418
234,422
234,425
234,431
234,433
234,438
234,442
234,443
234,447
234,450
234,455
234,462
234,463
234,465
234,470
234,473
234,478
234,482
234,483
234,489
234,490
234,491
234,496
235,246
235,249
235,252
235,260
235,266
235,268
235,269
235,270
235,279
235,282
235,293
235,297
235,302
235,303
235,304
235,308
235,323
235,326
235,345
235,356
235,357
235,358
235,363
235,371
235,375
235,387
235,390
235,392
235,393
235,396
235,397
235,398
235,408
235,410
235,420
235,424
235,425
235,426
235,432
235,434
235,439
235,443
235,460
235,467
235,468
235,476
235,478
235,483
235,490
235,491
235,493
236,238
236,240
236,241
236,242
236,244
236,248
236,251
236,258
236,268
236,276
236,277
236,278
236,279
236,289
236,298
236,303
236,304
236,309
236,312
236,321
236,322
236,323
236,333
236,335
236,338
236,340
236,350
236,356
236,370
236,372
236,378
236,381
236,383
236,387
236,388
236,403
236,407
236,408
236,411
236,427
236,429
236,432
236,440
236,441
236,446
236,449
236,452
236,455
236,459
236,465
236,473
236,476
236,483
236,488
236,492
236,493
236,494
236,495
236,496
236,497
236,498
236,499
237,239
237,241
237,243
237,253
237,254
237,255
237,258
237,259
237,267
237,277
237,285
237,290
237,292
237,293
237,296
237,298
237,299
237,300
237,303
237,313
237,316
237,321
237,322
237,326
237,327
237,336
237,340
237,341
237,347
237,348
237,352
237,356
237,363
237,368
237,377
237,380
237,384
237,388
237,391
237,392
237,397
237,400
237,403
237,407
237,417
237,418
237,421
237,431
237,435
237,441
237,447
237,448
237,452
237,454
237,456
237,460
237,462
237,467
237,481
237,484
237,487
237,498
238,241
238,242
238,245
238,246
238,253
238,254
238,256
238,257
238,260
238,261
238,264
238,266
238,270
238,271
238,272
238,276
238,280
238,286
238,287
238,291
238,295
238,299
238,302
238,315
238,316
238,317
238,325
238,327
238,330
238,333
238,334
238,340
238,343
238,351
238,353
238,359
238,360
238,361
238,366
238,367
238,370
238,372
238,375
238,379
238,384
238,385
238,391
238,394
238,398
238,405
238,407
238,410
238,413
238,419
238,420
238,422
238,424
238,425
238,435
238,455
238,473
238,476
238,480
238,482
238,486
238,487
239,249
239,256
239,259
239,260
239,266
239,273
239,281
239,284
239,287
239,288
239,314
239,318
239,320
239,322
239,327
239,328
239,333
239,335
239,341
239,352
239,362
239,364
239,368
239,371
239,377
239,378
239,380
239,387
239,394
239,396
239,398
239,400
239,409
239,410
239,414
239,417
239,435
239,442
239,444
239,446
239,450
239,451
239,452
239,460
239,463
239,467
239,468
239,476
239,480
239,482
239,485
239,490
239,499
240,243
240,250
240,267
240,270
240,278
240,279
240,283
240,286
240,295
240,303
240,313
240,333
240,336
240,345
240,353
240,363
240,366
240,367
240,382
240,383
240,395
240,427
240,430
240,436
240,446
240,447
240,448
240,453
240,454
240,455
240,457
240,462
240,469
240,471
240,472
240,477
240,497
241,247
241,249
241,251
241,257
241,261
241,262
241,263
241,266
241,279
241,280
241,283
241,285
241,287
241,300
241,301
241,311
241,322
241,325
241,334
241,336
241,338
241,344
241,346
241,353
241,357
241,368
241,374
241,381
241,394
241,398
241,400
241,406
241,417
241,420
241,423
241,431
241,435
241,439
241,440
241,441
241,443
241,447
241,448
241,462
241,466
241,470
241,472
241,475
241,476
241,478
241,480
241,491
241,492
241,495
241,499
242,243
242,247
242,248
242,253
242,262
242,265
242,269
242,270
242,274
242,275
242,278
242,287
242,297
242,303
242,309
242,312
242,313
242,319
242,321
242,333
242,336
242,337
242,341
242,344
242,345
242,349
242,350
242,359
242,364
242,371
242,373
242,377
242,378
242,381
242,387
242,395
242,396
242,402
242,407
242,408
242,409
242,412
242,415
242,418
242,420
242,429
242,433
242,444
242,447
242,448
242,450
242,457
242,471
242,472
242,473
242,480
242,482
242,491
243,253
243,256
243,259
243,260
243,278
243,282
243,285
243,287
243,288
243,289
243,291
243,292
243,294
243,296
243,302
243,303
243,307
243,309
243,311
243,317
243,321
243,323
243,343
243,349
243,378
243,380
243,381
243,389
243,391
243,395
243,402
243,406
243,408
243,413
243,414
243,417
243,432
243,433
243,436
243,437
243,440
243,441
243,450
243,453
243,466
243,468
243,469
243,473
243,487
244,252
244,267
244,271
244,277
244,283
244,284
244,289
244,301
244,305
244,308
244,314
244,316
244,325
244,327
244,329
244,334
244,345
244,348
244,350
244,356
244,357
244,358
244,359
244,362
244,363
244,373
244,377
244,392
244,394
244,403
244,404
244,408
244,418
244,429
244,436
244,439
244,441
244,443
244,455
244,459
244,464
244,474
244,477
244,478
244,479
244,481
244,482
244,486
244,493
244,494
244,496
245,246
245,250
245,257
245,262
245,263
245,276
245,288
245,290
245,293
245,296
245,302
245,303
245,309
245,311
245,315
245,319
245,344
245,349
245,354
245,355
245,365
245,372
245,378
245,380
245,387
245,389
245,390
245,394
245,396
245,410
245,417
245,419
245,425
245,431
245,438
245,439
245,440
245,444
245,448
245,449
245,454
245,464
245,465
245,468
245,473
245,483
245,489
245,493
245,497
246,249
246,254
246,256
246,263
246,264
246,266
246,273
246,275
246,276
246,277
246,280
246,282
246,290
246,294
246,303
246,307
246,312
246,325
246,329
246,332
246,337
246,338
246,346
246,347
246,355
246,358
246,374
246,379
246,383
246,385
246,386
246,393
246,395
246,402
246,403
246,409
246,415
246,419
246,420
246,428
246,430
246,431
246,452
246,461
246,463
246,471
246,473
246,475
246,476
246,486
246,490
246,491
246,493
246,495
246,498
247,255
247,256
247,257
247,258
247,267
247,270
247,272
247,274
247,276
247,285
247,296
247,300
247,314
247,316
247,318
247,322
247,326
247,327
247,341
247,346
247,349
247,351
247,357
247,361
247,368
247,375
247,380
247,387
247,389
247,392
247,395
247,396
247,402
247,411
247,417
247,419
247,424
247,425
247,432
247,441
247,443
247,445
247,455
247,464
247,469
247,479
247,491
247,497
248,249
248,250
248,252
248,254
248,260
248,261
248,262
248,268
248,273
248,279
248,297
248,298
248,301
248,318
248,322
248,325
248,328
248,331
248,335
248,336
248,337
248,338
248,346
248,348
248,350
248,353
248,358
248,365
248,368
248,374
248,375
248,384
248,389
248,406
248,408
248,410
248,412
248,416
248,418
248,429
248,432
248,447
248,457
248,466
248,496
249,251
249,266
249,267
249,268
249,279
249,285
249,291
249,296
249,299
249,302
249,306
249,307
249,309
249,310
249,321
249,323
249,324
249,331
249,346
249,354
249,356
249,357
249,364
249,365
249,367
249,370
249,371
249,373
249,378
249,379
249,387
249,398
249,404
249,407
249,409
249,415
249,416
249,419
249,422
249,423
249,426
249,434
249,437
249,441
249,445
249,451
249,454
249,456
249,467
249,472
249,473
249,493
249,499
250,262
250,269
250,275
250,282
250,285
250,291
250,293
250,312
250,314
250,318
250,329
250,331
250,337
250,341
250,345
250,352
250,355
250,363
250,366
250,370
250,399
250,401
250,408
250,423
250,425
250,429
250,438
250,442
250,453
250,456
250,462
250,465
250,474
250,475
250,482
250,489
250,491
250,493
250,497
251,252
251,265
251,268
251,275
251,278
251,279
251,280
251,289
251,290
251,292
251,294
251,296
251,305
251,308
251,310
251,314
251,318
251,321
251,323
251,334
251,335
251,340
251,343
251,346
251,347
251,349
251,350
251,352
251,358
251,363
251,366
251,370
251,375
251,376
251,392
251,394
251,396
251,399
251,407
251,408
251,412
251,413
251,414
251,416
251,417
251,421
251,429
251,439
251,445
251,459
251,461
251,468
251,483
251,489
251,495
251,497
252,255
252,259
252,264
252,265
252,285
252,290
252,296
252,300
252,303
252,305
252,307
252,308
252,314
252,316
252,317
252,320
252,329
252,334
252,341
252,342
252,346
252,354
252,356
252,357
252,361
252,369
252,371
252,372
252,373
252,376
252,379
252,380
252,381
252,387
252,389
252,390
252,393
252,394
252,407
252,415
252,416
252,418
252,420
252,423
252,426
252,429
252,433
252,434
252,442
252,443
252,456
252,459
252,463
252,466
252,472
252,477
252,479
252,482
252,485
252,487
252,490
252,495
252,497
253,257
253,268
253,272
253,273
253,278
253,282
253,294
253,299
253,301
253,304
253,309
253,312
253,317
253,318
253,328
253,334
253,337
253,341
253,344
253,346
253,352
253,353
253,358
253,362
253,381
253,386
253,398
253,400
253,402
253,406
253,410
253,414
253,415
253,419
253,430
253,438
253,440
253,443
253,447
253,448
253,457
253,458
253,459
253,464
253,466
253,473
253,476
253,483
253,493
253,496
254,258
254,261
254,267
254,271
254,275
254,277
254,280
254,281
254,282
254,285
254,297
254,301
254,303
254,304
254,305
254,316
254,320
254,321
254,335
254,337
254,340
254,345
254,346
254,347
254,349
254,354
254,355
254,356
254,359
254,361
254,362
254,364
254,367
254,372
254,376
254,388
254,392
254,401
254,403
254,418
254,423
254,426
254,427
254,433
254,434
254,444
254,446
254,455
254,461
254,462
254,463
254,466
254,483
254,484
254,485
254,486
254,489
254,490
255,262
255,266
255,267
255,270
255,279
255,294
255,297
255,299
255,303
255,318
255,323
255,326
255,328
255,329
255,336
255,343
255,347
255,354
255,360
255,364
255,368
255,370
255,373
255,379
255,380
255,383
255,384
255,386
255,388
255,389
255,393
255,395
255,400
255,404
255,416
255,417
255,419
255,421
255,426
255,429
255,432
255,437
255,450
255,451
255,452
255,456
255,460
255,465
255,474
255,486
255,488
255,491
255,497
256,260
256,262
256,284
256,285
256,287
256,288
256,290
256,291
256,295
256,298
256,304
256,309
256,315
256,327
256,331
256,332
256,343
256,345
256,346
256,353
256,355
256,363
256,367
256,371
256,377
256,381
256,391
256,392
256,393
256,401
256,413
256,419
256,420
256,422
256,425
256,435
256,441
256,445
256,454
256,458
256,460
256,468
256,469
256,471
256,476
256,478
256,480
256,481
256,492
256,494
256,496
256,498
257,258
257,262
257,263
257,294
257,297
257,298
257,302
257,318
257,326
257,328
257,329
257,332
257,342
257,351
257,355
257,356
257,364
257,366
257,367
257,369
257,376
257,382
257,383
257,384
257,386
257,389
257,395
257,396
257,398
257,399
257,403
257,404
257,415
257,416
257,420
257,421
257,424
257,427
257,428
257,430
257,437
257,440
257,448
257,456
257,459
257,470
257,482
257,494
257,495
257,497
257,498
258,259
258,267
258,273
258,275
258,277
258,278
258,280
258,286
258,292
258,309
258,316
258,324
258,325
258,328
258,329
258,331
258,340
258,341
258,343
258,346
258,350
258,359
258,366
258,367
258,370
258,374
258,375
258,376
258,377
258,380
258,382
258,385
258,387
258,391
258,396
258,398
258,399
258,405
258,410
258,411
258,414
258,425
258,426
258,428
258,429
258,434
258,443
258,446
258,451
258,453
258,461
258,466
258,468
258,471
258,473
258,477
258,482
258,487
258,488
258,492
258,494
259,260
259,261
259,265
259,266
259,276
259,278
259,281
259,288
259,303
259,305
259,309
259,316
259,325
259,326
259,333
259,346
259,347
259,353
259,358
259,359
259,360
259,364
259,365
259,369
259,374
259,380
259,381
259,389
259,393
259,401
259,402
259,420
259,428
259,440
259,441
259,442
259,446
259,460
259,461
259,466
259,473
259,476
259,481
259,486
259,498
260,266
260,267
260,269
260,272
260,277
260,286
260,295
260,296
260,299
260,317
260,325
260,330
260,336
260,339
260,341
260,344
260,346
260,347
260,349
260,354
260,355
260,356
260,361
260,366
260,372
260,373
260,375
260,380
260,382
260,385
260,390
260,393
260,397
260,403
260,407
260,415
260,421
260,428
260,437
260,438
260,442
260,443
260,444
260,448
260,451
260,461
260,488
260,497
261,263
261,268
261,275
261,285
261,288
261,290
261,293
261,303
261,305
261,308
261,309
261,312
261,313
261,317
261,319
261,320
261,321
261,325
261,330
261,331
261,334
261,335
261,360
261,361
261,367
261,370
261,376
261,382
261,383
261,394
261,400
261,402
261,410
261,411
261,416
261,417
261,422
261,425
261,431
261,432
261,435
261,437
261,440
261,448
261,449
261,450
261,455
261,456
261,465
261,466
261,470
261,471
261,473
261,478
261,483
261,485
261,488
261,491
262,268
262,273
262,275
262,281
262,282
262,285
262,291
262,293
262,297
262,306
262,310
262,313
262,314
262,320
262,325
262,326
262,328
262,333
262,340
262,356
262,359
262,364
262,365
262,366
262,371
262,375
262,382
262,385
262,388
262,396
262,407
262,409
262,410
262,412
262,414
262,436
262,440
262,442
262,444
262,448
262,456
262,461
262,462
262,464
262,466
262,468
262,474
262,475
262,476
262,479
262,481
262,484
262,486
262,491
262,495
262,498
263,268
263,269
263,271
263,272
263,275
263,276
263,283
263,285
263,294
263,303
263,306
263,307
263,318
263,322
263,326
263,337
263,340
263,346
263,347
263,350
263,357
263,366
263,370
263,372
263,376
263,381
263,382
263,384
263,391
263,395
263,404
263,419
263,426
263,427
263,434
263,445
263,452
263,455
263,456
263,458
263,464
263,481
263,485
263,490
263,494
263,498
264,269
264,274
264,275
264,280
264,282
264,284
264,293
264,295
264,297
264,302
264,310
264,313
264,321
264,324
264,325
264,334
264,337
264,343
264,347
264,349
264,354
264,359
264,363
264,366
264,370
264,376
264,384
264,385
264,395
264,397
264,399
264,405
264,406
264,408
264,409
264,411
264,412
264,422
264,430
264,431
264,439
264,441
264,445
264,449
264,453
264,460
264,468
264,469
264,477
264,478
264,489
264,494
264,495
265,268
265,274
265,276
265,277
265,281
265,282
265,291
265,295
265,301
265,305
265,307
265,311
265,323
265,325
265,330
265,350
265,354
265,355
265,356
265,362
265,375
265,379
265,385
265,394
265,442
265,443
265,445
265,447
265,449
265,451
265,458
265,462
265,465
265,467
265,479
265,482
265,497
266,275
266,278
266,279
266,296
266,302
266,305
266,306
266,307
266,310
266,311
266,328
266,329
266,331
266,335
266,339
266,340
266,345
266,346
266,348
266,362
266,368
266,375
266,377
266,378
266,385
266,388
266,393
266,400
266,410
266,414
266,424
266,425
266,429
266,434
266,438
266,441
266,442
266,444
266,450
266,451
266,454
266,455
266,464
266,465
266,471
266,472
266,474
266,475
266,477
266,479
266,482
266,485
266,490
266,498
267,270
267,273
267,274
267,294
267,305
267,308
267,309
267,310
267,319
267,328
267,343
267,350
267,353
267,365
267,367
267,372
267,380
267,394
267,401
267,403
267,404
267,409
267,416
267,430
267,433
267,452
267,461
267,464
267,466
267,482
267,486
267,487
267,489
267,494
268,270
268,272
268,275
268,277
268,278
268,281
268,283
268,286
268,294
268,295
268,298
268,314
268,328
268,330
268,333
268,334
268,335
268,338
268,344
268,352
268,354
268,355
268,358
268,368
268,378
268,380
268,381
268,388
268,394
268,403
268,406
268,410
268,414
268,417
268,423
268,425
268,428
268,444
268,456
268,469
268,470
268,471
268,478
268,482
268,495
269,277
269,279
269,282
269,283
269,286
269,289
269,291
269,296
269,299
269,300
269,304
269,306
269,307
269,313
269,334
269,336
269,337
269,348
269,354
269,355
269,371
269,381
269,397
269,404
269,405
269,410
269,413
269,423
269,425
269,428
269,432
269,445
269,447
269,450
269,451
269,453
269,457
269,460
269,461
269,470
269,472
269,475
269,482
269,485
269,489
269,496
269,497
270,271
270,281
270,293
270,304
270,309
270,316
270,323
270,325
270,328
270,355
270,359
270,364
270,365
270,383
270,387
270,388
270,391
270,393
270,397
270,399
270,406
270,407
270,409
270,417
270,420
270,422
270,439
270,447
270,449
270,462
270,463
270,480
270,487
270,494
271,272
271,275
271,280
271,284
271,293
271,295
271,298
271,303
271,313
271,315
271,318
271,320
271,323
271,330
271,331
271,335
271,340
271,345
271,346
271,347
271,349
271,354
271,369
271,372
271,375
271,378
271,380
271,390
271,401
271,404
271,418
271,421
271,425
271,426
271,427
271,434
271,437
271,446
271,450
271,451
271,452
271,455
271,458
271,465
271,468
271,475
271,477
271,480
271,485
271,487
272,274
272,283
272,290
272,291
272,292
272,305
272,307
272,315
272,330
272,340
272,343
272,347
272,352
272,359
272,362
272,366
272,368
272,382
272,392
272,405
272,408
272,415
272,426
272,433
272,436
272,469
272,470
272,471
272,474
272,481
272,486
272,487
272,496
272,497
273,282
273,291
273,293
273,294
273,296
273,304
273,306
273,308
273,310
273,317
273,320
273,323
273,328
273,332
273,334
273,340
273,341
273,343
273,345
273,352
273,368
273,372
273,382
273,386
273,390
273,400
273,407
273,408
273,411
273,413
273,421
273,428
273,433
273,439
273,440
273,453
273,454
273,456
273,457
273,458
273,462
273,465
273,473
273,490
273,491
273,497
273,498
274,276
274,277
274,282
274,283
274,287
274,293
274,294
274,296
274,297
274,309
274,314
274,319
274,323
274,331
274,345
274,353
274,355
274,358
274,359
274,362
274,365
274,380
274,382
274,393
274,394
274,401
274,410
274,416
274,420
274,427
274,446
274,449
274,450
274,465
274,469
274,476
275,277
275,286
275,287
275,291
275,295
275,298
275,308
275,314
275,325
275,327
275,335
275,340
275,343
275,356
275,360
275,365
275,369
275,374
275,381
275,387
275,391
275,394
275,401
275,403
275,413
275,414
275,415
275,420
275,422
275,427
275,429
275,433
275,436
275,453
275,455
275,460
275,469
275,480
275,485
275,487
275,492
275,493
275,494
275,499
276,277
276,278
276,279
276,281
276,285
276,287
276,289
276,299
276,301
276,304
276,307
276,309
276,310
276,320
276,329
276,330
276,338
276,347
276,349
276,354
276,355
276,356
276,361
276,365
276,366
276,369
276,385
276,389
276,390
276,398
276,401
276,402
276,403
276,404
276,406
276,410
276,423
276,425
276,426
276,431
276,433
276,435
276,436
276,439
276,440
276,442
276,446
276,455
276,460
276,472
276,476
276,483
276,484
276,495
276,497
276,499
277,278
277,279
277,281
277,284
277,287
277,289
277,291
277,295
277,297
277,298
277,307
277,309
277,315
277,316
277,319
277,324
277,332
277,334
277,340
277,341
277,345
277,350
277,356
277,361
277,365
277,369
277,370
277,376
277,377
277,378
277,383
277,385
277,386
277,392
277,393
277,394
277,395
277,402
277,405
277,406
277,411
277,413
277,422
277,431
277,433
277,434
277,437
277,443
277,450
277,460
277,471
277,476
277,484
277,490
278,284
278,288
278,290
278,291
278,296
278,298
278,301
278,311
278,312
278,314
278,315
278,316
278,318
278,327
278,342
278,343
278,345
278,347
278,352
278,353
278,356
278,357
278,358
278,359
278,368
278,370
278,371
278,374
278,377
278,392
278,412
278,418
278,420
278,422
278,424
278,428
278,430
278,442
278,444
278,450
278,458
278,461
278,462
278,463
278,487
278,488
278,490
279,287
279,288
279,302
279,305
279,323
279,329
279,330
279,333
279,346
279,347
279,356
279,369
279,374
279,376
279,377
279,378
279,385
279,398
279,404
279,411
279,413
279,417
279,422
279,425
279,429
279,433
279,434
279,437
279,440
279,444
279,445
279,463
279,469
279,477
279,486
279,488
279,490
279,497
280,281
280,289
280,291
280,295
280,300
280,308
280,320
280,322
280,325
280,327
280,328
280,337
280,360
280,372
280,377
280,389
280,399
280,401
280,403
280,412
280,413
280,414
280,415
280,417
280,419
280,424
280,427
280,432
280,436
280,440
280,447
280,451
280,459
280,467
280,474
280,475
280,487
281,283
281,285
281,289
281,291
281,294
281,300
281,307
281,313
281,317
281,319
281,322
281,323
281,326
281,327
281,328
281,329
281,330
281,332
281,334
281,335
281,347
281,351
281,354
281,358
281,376
281,384
281,388
281,393
281,403
281,405
281,406
281,407
281,418
281,421
281,432
281,433
281,446
281,448
281,449
281,450
281,455
281,463
281,469
281,472
281,476
281,485
281,488
281,492
281,494
281,497
282,285
282,302
282,316
282,322
282,336
282,344
282,345
282,351
282,352
282,353
282,358
282,359
282,362
282,366
282,371
282,373
282,381
282,382
282,386
282,387
282,398
282,400
282,401
282,402
282,403
282,412
282,417
282,420
282,424
282,430
282,438
282,443
282,449
282,453
282,454
282,463
282,471
282,474
282,478
282,480
282,482
282,498
283,285
283,292
283,298
283,299
283,301
283,309
283,315
283,334
283,337
283,340
283,343
283,347
283,360
283,370
283,371
283,375
283,376
283,377
283,381
283,386
283,388
283,393
283,397
283,408
283,409
283,416
283,420
283,422
283,430
283,431
283,439
283,453
283,461
283,470
283,475
283,482
283,484
283,493
283,498
284,286
284,290
284,296
284,301
284,305
284,309
284,310
284,312
284,318
284,319
284,327
284,331
284,333
284,334
284,337
284,339
284,342
284,343
284,346
284,349
284,355
284,358
284,361
284,362
284,366
284,372
284,375
284,378
284,380
284,404
284,415
284,418
284,422
284,428
284,442
284,454
284,470
284,471
284,473
284,474
284,475
284,483
284,489
284,492
284,494
284,499
285,286
285,288
285,294
285,297
285,299
285,301
285,307
285,309
285,312
285,316
285,317
285,323
285,330
285,332
285,343
285,350
285,354
285,356
285,360
285,364
285,370
285,376
285,380
285,382
285,385
285,392
285,393
285,394
285,397
285,404
285,412
285,414
285,415
285,421
285,423
285,425
285,429
285,434
285,439
285,440
285,443
285,445
285,447
285,450
285,451
285,461
285,465
285,468
285,479
285,486
285,499
286,296
286,302
286,303
286,308
286,309
286,319
286,326
286,327
286,328
286,331
286,346
286,357
286,361
286,367
286,368
286,372
286,378
286,385
286,394
286,397
286,399
286,405
286,407
286,410
286,433
286,435
286,436
286,445
286,451
286,455
286,456
286,469
286,472
286,473
286,481
286,485
286,498
286,499
287,288
287,290
287,297
287,298
287,301
287,302
287,303
287,306
287,310
287,314
287,318
287,323
287,324
287,340
287,347
287,350
287,353
287,354
287,362
287,368
287,371
287,372
287,376
287,386
287,389
287,390
287,400
287,405
287,415
287,416
287,420
287,422
287,430
287,431
287,433
287,434
287,443
287,451
287,458
287,459
287,469
287,479
287,486
287,490
287,496
288,293
288,296
288,304
288,310
288,316
288,322
288,326
288,327
288,331
288,333
288,336
288,340
288,345
288,351
288,352
288,356
288,359
288,360
288,362
288,370
288,381
288,388
288,395
288,398
288,402
288,403
288,405
288,407
288,418
288,420
288,429
288,436
288,447
288,451
288,460
288,462
288,468
288,471
288,475
288,480
288,484
288,488
288,498
289,292
289,298
289,302
289,312
289,323
289,330
289,331
289,333
289,350
289,351
289,353
289,354
289,356
289,364
289,366
289,370
289,381
289,383
289,389
289,391
289,396
289,401
289,409
289,413
289,423
289,426
289,447
289,451
289,453
289,456
289,459
289,470
289,476
289,481
289,485
289,490
289,496
289,498
290,291
290,296
290,298
290,299
290,309
290,310
290,311
290,312
290,319
290,329
290,330
290,339
290,340
290,349
290,361
290,367
290,370
290,380
290,384
290,385
290,390
290,391
290,393
290,395
290,396
290,400
290,410
290,416
290,423
290,426
290,429
290,430
290,432
290,446
290,450
290,452
290,454
290,455
290,456
290,457
290,460
290,465
290,474
290,476
290,480
290,483
290,485
291,292
291,293
291,295
291,303
291,312
291,316
291,318
291,320
291,321
291,326
291,340
291,348
291,350
291,354
291,356
291,357
291,358
291,370
291,371
291,373
291,374
291,377
291,379
291,381
291,382
291,385
291,396
291,409
291,414
291,417
291,420
291,425
291,429
291,430
291,433
291,436
291,439
291,440
291,444
291,445
291,447
291,467
291,470
291,473
291,483
291,484
291,486
291,491
291,494
291,497
292,294
292,298
292,313
292,322
292,324
292,326
292,338
292,339
292,345
292,347
292,349
292,351
292,360
292,363
292,366
292,367
292,371
292,375
292,376
292,381
292,383
292,386
292,387
292,391
292,398
292,406
292,407
292,412
292,415
292,418
292,421
292,425
292,428
292,434
292,442
292,447
292,449
292,450
292,453
292,455
292,463
292,473
292,479
293,297
293,298
293,304
293,310
293,312
293,313
293,317
293,325
293,326
293,329
293,343
293,346
293,347
293,349
293,351
293,353
293,365
293,366
293,368
293,369
293,375
293,380
293,382
293,383
293,388
293,397
293,398
293,399
293,404
293,405
293,409
293,410
293,414
293,425
293,428
293,429
293,431
293,434
293,435
293,437
293,447
293,450
293,451
293,458
293,459
293,460
293,461
293,467
293,470
293,474
293,479
293,489
293,497
294,296
294,298
294,302
294,304
294,306
294,307
294,312
294,316
294,317
294,323
294,326
294,331
294,333
294,334
294,337
294,338
294,341
294,353
294,354
294,358
294,363
294,367
294,374
294,376
294,377
294,395
294,400
294,406
294,414
294,418
294,432
294,455
294,460
294,461
294,462
294,465
294,466
294,474
294,492
294,495
294,496
295,300
295,301
295,305
295,306
295,311
295,313
295,319
295,321
295,323
295,327
295,340
295,343
295,345
295,351
295,352
295,357
295,358
295,361
295,366
295,373
295,377
295,385
295,391
295,392
295,396
295,403
295,407
295,412
295,413
295,419
295,420
295,421
295,422
295,431
295,437
295,441
295,446
295,453
295,456
295,462
295,471
295,473
295,476
295,485
295,489
296,299
296,303
296,323
296,331
296,332
296,342
296,356
296,361
296,366
296,370
296,379
296,380
296,381
296,382
296,383
296,396
296,401
296,402
296,406
296,408
296,419
296,435
296,436
296,454
296,455
296,456
296,458
296,460
296,461
296,465
296,491
296,492
297,302
297,303
297,306
297,308
297,309
297,314
297,315
297,318
297,321
297,323
297,329
297,332
297,336
297,345
297,348
297,353
297,356
297,385
297,386
297,399
297,404
297,407
297,411
297,414
297,425
297,429
297,430
297,431
297,437
297,442
297,444
297,451
297,453
297,457
297,458
297,464
297,479
297,480
297,486
297,489
297,497
298,328
298,329
298,330
298,347
298,348
298,349
298,352
298,358
298,361
298,363
298,373
298,375
298,377
298,379
298,392
298,410
298,416
298,423
298,425
298,427
298,431
298,434
298,435
298,441
298,443
298,444
298,454
298,455
298,456
298,459
298,467
298,473
298,489
298,490
299,301
299,308
299,309
299,310
299,316
299,319
299,321
299,328
299,332
299,344
299,349
299,351
299,353
299,364
299,370
299,373
299,377
299,378
299,382
299,385
299,386
299,389
299,391
299,392
299,394
299,420
299,424
299,431
299,435
299,439
299,445
299,446
299,455
299,457
299,487
299,488
299,493
299,496
299,499
300,304
300,308
300,311
300,315
300,323
300,327
300,338
300,344
300,353
300,355
300,366
300,371
300,383
300,384
300,387
300,390
300,391
300,404
300,414
300,416
300,431
300,437
300,449
300,466
300,469
300,480
300,487
300,494
300,496
300,498
300,499
301,303
301,310
301,319
301,321
301,324
301,325
301,341
301,354
301,355
301,356
301,357
301,358
301,363
301,369
301,376
301,381
301,393
301,397
301,401
301,403
301,405
301,410
301,412
301,415
301,421
301,426
301,429
301,436
301,438
301,442
301,448
301,451
301,453
301,458
301,474
301,482
301,485
301,492
301,495
301,497
302,310
302,319
302,320
302,326
302,328
302,329
302,347
302,349
302,355
302,358
302,370
302,376
302,384
302,392
302,395
302,401
302,403
302,408
302,414
302,419
302,432
302,442
302,452
302,458
302,463
302,464
302,469
302,473
302,476
302,479
302,489
302,491
302,493
302,497
302,498
303,306
303,307
303,308
303,315
303,322
303,325
303,328
303,333
303,338
303,339
303,343
303,349
303,374
303,380
303,389
303,398
303,402
303,403
303,406
303,407
303,417
303,418
303,422
303,424
303,430
303,436
303,444
303,452
303,455
303,456
303,466
303,467
303,468
303,469
303,470
303,474
303,478
303,481
303,497
304,307
304,308
304,309
304,328
304,329
304,333
304,345
304,350
304,353
304,363
304,369
304,370
304,371
304,373
304,375
304,379
304,383
304,396
304,397
304,399
304,404
304,408
304,413
304,414
304,417
304,420
304,421
304,430
304,435
304,437
304,440
304,443
304,446
304,447
304,451
304,466
304,468
304,469
304,472
304,477
304,478
304,485
304,487
304,497
305,313
305,316
305,320
305,322
305,324
305,325
305,327
305,329
305,338
305,342
305,343
305,344
305,353
305,371
305,372
305,375
305,380
305,386
305,389
305,394
305,395
305,404
305,414
305,416
305,425
305,435
305,438
305,440
305,453
305,454
305,456
305,460
305,461
305,462
305,466
305,473
305,478
305,486
305,488
305,496
305,497
306,307
306,311
306,313
306,321
306,326
306,327
306,328
306,329
306,335
306,345
306,347
306,354
306,361
306,367
306,368
306,369
306,371
306,372
306,373
306,377
306,380
306,382
306,400
306,404
306,411
306,415
306,421
306,423
306,428
306,431
306,439
306,443
306,447
306,455
306,459
306,465
306,470
306,476
306,479
306,486
306,488
307,308
307,310
307,314
307,315
307,319
307,320
307,324
307,330
307,332
307,334
307,338
307,344
307,347
307,353
307,354
307,359
307,366
307,369
307,379
307,383
307,391
307,392
307,395
307,396
307,397
307,400
307,401
307,409
307,414
307,420
307,428
307,429
307,430
307,432
307,437
307,438
307,448
307,457
307,461
307,464
307,465
307,466
307,467
307,468
307,469
307,474
307,476
307,479
307,482
307,497
308,310
308,313
308,319
308,320
308,327
308,334
308,335
308,336
308,340
308,343
308,347
308,359
308,362
308,364
308,374
308,377
308,381
308,384
308,386
308,392
308,393
308,404
308,409
308,416
308,419
308,422
308,433
308,443
308,447
308,454
308,455
308,458
308,469
308,472
308,473
308,476
308,478
308,480
308,483
308,491
308,498
308,499
309,314
309,315
309,316
309,318
309,339
309,340
309,342
309,343
309,344
309,345
309,346
309,348
309,350
309,355
309,370
309,376
309,378
309,380
309,384
309,394
309,396
309,407
309,409
309,422
309,428
309,430
309,440
309,445
309,451
309,472
309,476
310,314
310,320
310,326
310,327
310,334
310,335
310,338
310,347
310,348
310,358
310,361
310,364
310,367
310,370
310,376
310,378
310,382
310,386
310,387
310,388
310,390
310,395
310,404
310,407
310,409
310,413
310,417
310,420
310,428
310,437
310,439
310,457
310,458
310,461
310,465
310,467
310,468
310,472
310,473
310,475
310,486
310,488
310,491
311,315
311,321
311,323
311,325
311,329
311,334
311,343
311,351
311,365
311,371
311,373
311,379
311,383
311,387
311,388
311,392
311,395
311,400
311,401
311,403
311,406
311,408
311,419
311,430
311,436
311,438
311,442
311,451
311,458
311,459
311,461
311,466
311,473
311,474
311,480
311,486
311,490
311,496
311,497
312,316
312,317
312,321
312,325
312,327
312,336
312,338
312,343
312,365
312,382
312,387
312,394
312,405
312,410
312,414
312,422
312,426
312,430
312,433
312,441
312,444
312,445
312,469
312,470
312,482
312,489
312,498
313,316
313,327
313,331
313,334
313,337
313,340
313,343
313,346
313,348
313,351
313,362
313,364
313,369
313,374
313,376
313,379
313,381
313,382
313,387
313,397
313,400
313,402
313,404
313,408
313,410
313,412
313,418
313,423
313,424
313,431
313,432
313,439
313,444
313,453
313,454
313,457
313,465
313,477
313,480
313,481
313,484
313,487
313,488
313,492
313,498
314,315
314,316
314,319
314,322
314,327
314,328
314,329
314,338
314,347
314,349
314,352
314,353
314,365
314,367
314,371
314,373
314,377
314,390
314,395
314,401
314,407
314,409
314,412
314,415
314,418
314,420
314,421
314,422
314,428
314,433
314,462
314,466
314,469
314,475
314,478
314,479
314,480
314,482
314,490
315,317
315,334
315,337
315,348
315,350
315,354
315,361
315,391
315,408
315,413
315,420
315,421
315,427
315,430
315,432
315,454
315,457
315,484
315,488
315,490
315,493
316,318
316,320
316,321
316,327
316,339
316,341
316,348
316,355
316,373
316,374
316,375
316,376
316,379
316,381
316,384
316,392
316,396
316,400
316,402
316,405
316,414
316,415
316,416
316,420
316,423
316,424
316,427
316,431
316,433
316,438
316,439
316,440
316,444
316,446
316,459
316,461
316,465
316,486
316,490
316,493
316,494
316,497
317,320
317,327
317,328
317,331
317,332
317,336
317,340
317,351
317,352
317,354
317,357
317,360
317,367
317,373
317,374
317,387
317,395
317,396
317,399
317,405
317,407
317,408
317,415
317,421
317,427
317,431
317,444
317,453
317,454
317,465
317,468
317,472
317,478
317,479
317,481
317,490
318,319
318,320
318,322
318,323
318,330
318,333
318,341
318,342
318,344
318,347
318,355
318,359
318,370
318,376
318,380
318,383
318,389
318,390
318,394
318,399
318,402
318,403
318,411
318,413
318,423
318,425
318,429
318,434
318,440
318,444
318,447
318,455
318,458
318,460
318,462
318,477
318,480
318,487
318,488
318,489
318,491
319,322
319,332
319,333
319,340
319,342
319,356
319,362
319,366
319,378
319,385
319,386
319,387
319,389
319,390
319,404
319,406
319,420
319,432
319,437
319,460
319,482
319,490
319,495
320,325
320,327
320,332
320,333
320,334
320,345
320,346
320,355
320,357
320,359
320,365
320,366
320,367
320,368
320,369
320,373
320,375
320,379
320,380
320,400
320,401
320,403
320,411
320,419
320,428
320,437
320,440
320,444
320,445
320,446
320,448
320,451
320,469
320,471
320,475
320,479
321,322
321,329
321,352
321,363
321,373
321,382
321,384
321,386
321,392
321,398
321,418
321,430
321,432
321,433
321,435
321,439
321,441
321,442
321,447
321,451
321,462
321,467
321,469
321,474
321,487
321,491
321,495
322,332
322,342
322,349
322,354
322,362
322,364
322,365
322,372
322,378
322,382
322,383
322,393
322,394
322,396
322,407
322,409
322,410
322,414
322,426
322,428
322,436
322,438
322,444
322,463
322,468
322,476
322,481
322,487
322,488
322,493
322,497
323,328
323,331
323,334
323,335
323,354
323,359
323,364
323,366
323,367
323,369
323,370
323,371
323,372
323,373
323,374
323,379
323,382
323,391
323,396
323,400
323,404
323,407
323,410
323,412
323,413
323,418
323,424
323,430
323,439
323,443
323,446
323,451
323,454
323,460
323,466
323,475
323,482
323,483
323,485
323,491
323,499
324,327
324,333
324,334
324,337
324,354
324,358
324,366
324,369
324,375
324,384
324,389
324,392
324,394
324,407
324,412
324,414
324,417
324,421
324,427
324,432
324,444
324,446
324,448
324,450
324,452
324,460
324,463
324,487
324,490
324,496
324,497
325,337
325,338
325,341
325,344
325,346
325,348
325,357
325,381
325,391
325,402
325,403
325,404
325,406
325,407
325,412
325,417
325,431
325,435
325,443
325,446
325,450
325,456
325,463
325,464
325,474
325,481
325,482
325,488
325,499
326,339
326,341
326,348
326,356
326,360
326,361
326,362
326,366
326,373
326,376
326,384
326,387
326,393
326,394
326,402
326,410
326,423
326,424
326,425
326,427
326,433
326,448
326,452
326,453
326,469
326,473
326,476
326,495
326,498
326,499
327,329
327,336
327,338
327,356
327,359
327,367
327,369
327,375
327,378
327,383
327,388
327,392
327,398
327,402
327,409
327,410
327,412
327,413
327,414
327,416
327,418
327,434
327,442
327,444
327,461
327,470
327,477
327,478
327,484
327,495
327,496
327,497
328,329
328,330
328,335
328,338
328,339
328,345
328,349
328,350
328,351
328,361
328,367
328,369
328,370
328,375
328,376
328,377
328,381
328,384
328,387
328,392
328,393
328,394
328,396
328,398
328,399
328,406
328,407
328,408
328,411
328,417
328,419
328,424
328,427
328,428
328,434
328,435
328,444
328,445
328,447
328,450
328,452
328,456
328,466
328,470
328,473
328,475
328,482
328,488
328,489
328,491
328,492
328,495
329,331
329,333
329,343
329,345
329,347
329,349
329,352
329,355
329,372
329,374
329,377
329,379
329,381
329,386
329,396
329,399
329,402
329,405
329,406
329,410
329,411
329,412
329,427
329,428
329,434
329,436
329,445
329,447
329,449
329,459
329,463
329,464
329,465
329,466
329,467
329,469
329,470
329,471
329,472
329,474
329,489
330,331
330,335
330,340
330,349
330,355
330,367
330,368
330,376
330,380
330,395
330,397
330,409
330,410
330,415
330,417
330,427
330,432
330,441
330,444
330,445
330,446
330,448
330,453
330,454
330,456
330,463
330,465
330,471
330,476
330,481
330,485
330,488
330,498
330,499
331,338
331,343
331,359
331,362
331,376
331,381
331,385
331,387
331,388
331,390
331,402
331,403
331,404
331,406
331,407
331,410
331,414
331,422
331,427
331,432
331,435
331,436
331,446
331,449
331,450
331,451
331,453
331,455
331,459
331,460
331,469
331,471
331,477
331,482
331,484
331,494
331,495
331,498
332,335
332,344
332,361
332,364
332,376
332,388
332,395
332,398
332,399
332,403
332,432
332,440
332,442
332,443
332,451
332,459
332,460
332,478
332,483
332,487
332,489
332,495
332,496
332,499
333,354
333,366
333,373
333,380
333,392
333,394
333,397
333,410
333,425
333,426
333,437
333,440
333,444
333,448
333,449
333,450
333,451
333,454
333,458
333,460
333,462
333,464
333,467
333,474
333,477
333,483
333,484
333,496
334,335
334,344
334,346
334,352
334,357
334,361
334,362
334,364
334,369
334,376
334,377
334,381
334,386
334,392
334,393
334,394
334,398
334,405
334,410
334,420
334,424
334,428
334,431
334,434
334,436
334,439
334,440
334,448
334,451
334,461
334,462
334,464
334,466
334,468
334,473
334,474
334,478
334,488
334,490
335,346
335,348
335,356
335,357
335,362
335,363
335,370
335,371
335,372
335,375
335,377
335,378
335,387
335,395
335,397
335,400
335,408
335,409
335,412
335,421
335,431
335,432
335,433
335,443
335,444
335,445
335,447
335,454
335,456
335,464
335,467
335,474
335,479
335,482
335,485
335,487
335,489
335,491
335,494
336,337
336,339
336,340
336,349
336,357
336,362
336,366
336,368
336,377
336,378
336,387
336,394
336,405
336,412
336,418
336,424
336,428
336,436
336,437
336,439
336,443
336,444
336,457
336,472
336,476
336,484
336,487
336,497
336,499
337,343
337,352
337,360
337,362
337,367
337,386
337,390
337,393
337,395
337,397
337,399
337,401
337,414
337,420
337,429
337,430
337,431
337,434
337,436
337,445
337,448
337,450
337,457
337,461
337,467
337,469
337,474
337,475
337,484
337,492
337,494
337,499
338,345
338,349
338,351
338,352
338,364
338,366
338,370
338,376
338,386
338,388
338,399
338,401
338,405
338,419
338,422
338,424
338,431
338,434
338,436
338,443
338,449
338,458
338,459
338,466
338,473
338,478
338,490
338,497
339,344
339,348
339,355
339,356
339,357
339,366
339,372
339,376
339,384
339,387
339,392
339,398
339,405
339,418
339,442
339,444
339,448
339,449
339,462
339,463
339,465
339,468
339,476
339,483
339,486
339,490
340,341
340,348
340,350
340,354
340,361
340,364
340,366
340,372
340,375
340,379
340,385
340,386
340,389
340,392
340,395
340,396
340,401
340,403
340,407
340,408
340,414
340,416
340,418
340,419
340,420
340,422
340,426
340,428
340,429
340,436
340,440
340,451
340,456
340,459
340,461
340,467
340,472
340,495
341,345
341,348
341,350
341,351
341,352
341,358
341,359
341,360
341,362
341,376
341,377
341,380
341,384
341,389
341,391
341,399
341,400
341,408
341,411
341,412
341,418
341,421
341,425
341,426
341,427
341,432
341,445
341,448
341,449
341,451
341,456
341,472
341,473
341,484
341,486
341,489
341,491
342,343
342,344
342,346
342,357
342,374
342,385
342,402
342,413
342,416
342,423
342,443
342,444
342,450
342,456
342,465
342,474
342,478
342,481
342,485
342,488
343,351
343,353
343,355
343,356
343,362
343,364
343,368
343,373
343,378
343,379
343,381
343,396
343,398
343,402
343,405
343,413
343,417
343,418
343,419
343,425
343,430
343,433
343,436
343,442
343,443
343,447
343,448
343,457
343,465
343,482
343,483
343,486
343,488
344,345
344,350
344,352
344,353
344,354
344,362
344,364
344,367
344,372
344,374
344,385
344,389
344,393
344,402
344,408
344,413
344,423
344,427
344,428
344,437
344,440
344,452
344,453
344,456
344,457
344,458
344,462
344,473
344,475
344,476
344,478
344,490
344,498
345,358
345,365
345,371
345,374
345,376
345,386
345,388
345,389
345,397
345,401
345,410
345,411
345,413
345,417
345,425
345,427
345,430
345,434
345,435
345,436
345,437
345,441
345,443
345,444
345,446
345,450
345,456
345,457
345,464
345,483
346,355
346,356
346,365
346,366
346,379
346,382
346,386
346,387
346,389
346,396
346,401
346,402
346,411
346,420
346,421
346,423
346,426
346,429
346,431
346,432
346,433
346,435
346,436
346,449
346,452
346,456
346,458
346,468
346,478
346,479
346,485
346,488
346,489
346,499
347,351
347,362
347,363
347,364
347,367
347,368
347,371
347,372
347,375
347,376
347,377
347,379
347,382
347,383
347,384
347,399
347,407
347,415
347,416
347,417
347,418
347,420
347,423
347,435
347,440
347,449
347,453
347,458
347,460
347,467
347,471
347,472
347,475
347,481
347,482
347,491
347,496
348,351
348,357
348,368
348,375
348,379
348,381
348,386
348,389
348,390
348,392
348,393
348,399
348,404
348,408
348,411
348,413
348,415
348,423
348,427
348,434
348,442
348,444
348,448
348,449
348,453
348,459
348,466
348,467
348,473
348,476
348,478
348,481
348,486
348,489
348,492
348,494
348,499
349,350
349,377
349,381
349,384
349,386
349,389
349,391
349,392
349,393
349,396
349,398
349,399
349,418
349,423
349,427
349,428
349,431
349,435
349,438
349,441
349,446
349,449
349,453
349,456
349,465
349,467
349,472
349,480
349,483
349,485
349,490
349,494
350,362
350,366
350,373
350,377
350,381
350,385
350,396
350,414
350,415
350,420
350,423
350,434
350,438
350,450
350,459
350,460
350,466
350,473
350,477
350,478
350,480
350,481
350,494
351,363
351,368
351,370
351,372
351,375
351,377
351,380
351,382
351,401
351,411
351,434
351,438
351,454
351,459
351,465
351,468
351,470
351,472
351,479
351,492
352,353
352,355
352,359
352,366
352,372
352,376
352,380
352,383
352,390
352,391
352,394
352,407
352,408
352,409
352,413
352,417
352,419
352,421
352,424
352,428
352,429
352,430
352,431
352,439
352,443
352,446
352,455
352,463
352,468
352,476
352,482
352,485
352,492
352,494
353,354
353,358
353,360
353,363
353,367
353,372
353,375
353,382
353,392
353,396
353,397
353,400
353,420
353,421
353,434
353,444
353,446
353,449
353,456
353,463
353,464
353,470
353,473
353,474
353,484
353,485
353,486
353,498
353,499
354,355
354,364
354,391
354,404
354,405
354,409
354,413
354,414
354,416
354,422
354,424
354,430
354,437
354,441
354,450
354,453
354,456
354,457
354,461
354,471
354,474
354,475
354,478
354,483
354,485
354,488
354,489
354,490
354,494
355,358
355,362
355,368
355,372
355,380
355,398
355,399
355,401
355,406
355,407
355,415
355,426
355,428
355,434
355,439
355,442
355,444
355,448
355,452
355,455
355,456
355,460
355,462
355,477
355,481
355,483
355,484
355,486
355,487
355,491
355,492
355,498
356,362
356,364
356,372
356,373
356,381
356,391
356,400
356,409
356,411
356,422
356,424
356,430
356,437
356,442
356,445
356,452
356,453
356,455
356,469
356,476
356,477
356,479
356,480
356,481
356,482
356,484
356,489
357,359
357,362
357,364
357,365
357,367
357,370
357,372
357,379
357,383
357,387
357,390
357,391
357,392
357,393
357,400
357,404
357,405
357,406
357,414
357,426
357,427
357,431
357,434
357,435
357,442
357,450
357,455
357,472
357,478
357,485
357,486
357,490
357,491
357,492
357,494
358,359
358,364
358,368
358,370
358,373
358,382
358,385
358,387
358,389
358,393
358,396
358,399
358,402
358,408
358,412
358,416
358,424
358,436
358,437
358,438
358,439
358,462
358,469
358,478
358,489
358,491
359,362
359,374
359,382
359,391
359,392
359,393
359,396
359,403
359,406
359,408
359,410
359,422
359,423
359,424
359,425
359,428
359,434
359,449
359,450
359,453
359,456
359,457
359,470
359,475
359,476
359,478
359,485
359,488
359,490
359,492
359,493
359,494
359,497
359,499
360,364
360,367
360,378
360,388
360,393
360,409
360,417
360,425
360,428
360,430
360,435
360,436
360,445
360,448
360,449
360,450
360,454
360,461
360,464
360,478
360,484
360,487
360,498
360,499
361,362
361,370
361,373
361,376
361,381
361,386
361,392
361,396
361,400
361,413
361,421
361,427
361,433
361,434
361,437
361,440
361,450
361,451
361,453
361,454
361,458
361,462
361,468
361,480
361,484
361,485
361,493
362,363
362,367
362,378
362,384
362,385
362,389
362,391
362,392
362,393
362,403
362,409
362,417
362,421
362,427
362,429
362,431
362,433
362,434
362,438
362,439
362,449
362,452
362,454
362,466
362,471
362,475
362,484
362,487
362,494
362,495
362,496
363,365
363,386
363,391
363,394
363,399
363,404
363,409
363,424
363,427
363,429
363,431
363,432
363,444
363,445
363,447
363,463
363,465
363,471
363,472
363,476
363,481
363,492
363,493
364,369
364,378
364,379
364,380
364,384
364,391
364,392
364,405
364,415
364,428
364,433
364,434
364,455
364,462
364,464
364,471
364,474
364,477
364,479
364,482
365,367
365,370
365,379
365,405
365,411
365,416
365,422
365,426
365,430
365,432
365,434
365,435
365,436
365,443
365,444
365,447
365,451
365,457
365,459
365,460
365,461
365,467
365,470
365,480
365,482
365,493
365,498
366,373
366,387
366,392
366,405
366,409
366,411
366,415
366,422
366,424
366,431
366,432
366,433
366,455
366,462
366,463
366,464
366,473
366,474
366,478
366,489
366,494
366,498
367,371
367,374
367,383
367,385
367,398
367,400
367,403
367,404
367,406
367,409
367,412
367,414
367,421
367,422
367,432
367,444
367,450
367,452
367,458
367,461
367,466
367,469
367,476
367,477
367,479
367,482
367,492
367,496
367,499
368,375
368,381
368,384
368,396
368,398
368,399
368,402
368,405
368,406
368,410
368,415
368,416
368,423
368,424
368,434
368,438
368,441
368,445
368,446
368,458
368,466
368,468
368,481
368,487
368,489
368,492
368,494
368,498
369,370
369,378
369,380
369,382
369,391
369,394
369,395
369,404
369,417
369,425
369,428
369,431
369,433
369,434
369,437
369,442
369,444
369,446
369,450
369,451
369,458
369,459
369,460
369,467
369,473
369,487
369,488
369,489
369,492
369,493
369,496
370,372
370,373
370,375
370,377
370,387
370,388
370,390
370,393
370,394
370,395
370,399
370,402
370,405
370,406
370,412
370,415
370,419
370,426
370,427
370,433
370,435
370,437
370,445
370,446
370,448
370,454
370,455
370,456
370,458
370,460
370,462
370,470
370,472
370,474
370,475
370,482
370,483
370,487
370,488
370,492
370,494
371,372
371,387
371,388
371,389
371,393
371,396
371,399
371,400
371,401
371,402
371,403
371,406
371,409
371,412
371,422
371,434
371,438
371,445
371,446
371,448
371,456
371,461
371,462
371,467
371,476
371,479
371,483
371,487
372,379
372,390
372,400
372,401
372,403
372,413
372,414
372,420
372,421
372,423
372,425
372,427
372,431
372,441
372,448
372,455
372,456
372,478
372,484
372,485
372,488
372,489
372,490
372,497
373,374
373,375
373,376
373,381
373,388
373,389
373,394
373,395
373,398
373,406
373,410
373,411
373,413
373,428
373,430
373,431
373,438
373,441
373,454
373,458
373,460
373,464
373,468
373,470
373,471
373,474
373,480
373,482
373,484
373,485
373,487
373,490
373,498
374,377
374,381
374,392
374,400
374,405
374,420
374,423
374,427
374,428
374,429
374,434
374,438
374,441
374,445
374,447
374,462
374,472
374,476
374,480
374,485
374,486
374,493
374,496
375,377
375,379
375,382
375,384
375,385
375,386
375,388
375,389
375,400
375,402
375,421
375,426
375,432
375,433
375,435
375,438
375,442
375,446
375,447
375,448
375,457
375,464
375,472
375,486
375,487
375,494
375,496
376,382
376,391
376,395
376,398
376,400
376,402
376,405
376,412
376,413
376,421
376,435
376,454
376,460
376,466
376,470
376,478
376,485
376,486
376,494
376,495
376,499
377,383
377,385
377,387
377,395
377,397
377,399
377,410
377,411
377,417
377,419
377,423
377,425
377,426
377,435
377,442
377,444
377,449
377,450
377,451
377,458
377,460
377,461
377,465
377,468
377,474
377,480
377,486
377,492
378,387
378,391
378,393
378,398
378,399
378,407
378,412
378,416
378,419
378,423
378,424
378,432
378,437
378,467
378,470
378,471
378,474
378,483
378,489
379,385
379,393
379,394
379,395
379,402
379,403
379,404
379,419
379,425
379,431
379,434
379,442
379,446
379,448
379,449
379,454
379,467
379,468
379,472
379,481
379,482
379,483
379,487
380,390
380,402
380,409
380,428
380,430
380,433
380,443
380,454
380,458
380,461
380,465
380,467
380,471
380,475
380,480
380,483
380,486
380,491
380,492
380,497
381,400
381,426
381,427
381,432
381,454
381,459
381,460
381,475
381,488
382,383
382,396
382,398
382,403
382,408
382,409
382,413
382,414
382,416
382,418
382,419
382,420
382,427
382,437
382,438
382,446
382,464
382,476
382,485
382,492
382,493
382,495
382,496
382,497
382,498
383,404
383,421
383,426
383,427
383,428
383,434
383,443
383,450
383,452
383,471
383,475
383,478
383,480
383,486
383,487
383,488
383,490
383,494
383,496
384,385
384,399
384,403
384,404
384,414
384,423
384,431
384,448
384,459
384,464
384,468
384,473
384,491
385,386
385,390
385,397
385,399
385,406
385,415
385,422
385,438
385,441
385,452
385,454
385,456
385,460
385,466
385,467
385,469
385,470
385,477
385,484
386,387
386,391
386,393
386,397
386,404
386,405
386,411
386,412
386,415
386,420
386,433
386,434
386,437
386,440
386,442
386,445
386,450
386,457
386,462
386,465
386,466
386,467
386,473
386,476
386,479
386,488
386,493
386,494
386,499
387,401
387,407
387,411
387,415
387,420
387,424
387,429
387,452
387,454
387,455
387,461
387,466
387,469
387,473
387,482
387,483
387,485
387,497
388,393
388,399
388,404
388,418
388,423
388,426
388,429
388,434
388,466
388,468
388,472
388,476
388,479
388,485
388,488
388,489
388,499
389,390
389,392
389,415
389,417
389,420
389,429
389,432
389,433
389,438
389,441
389,445
389,458
389,459
389,462
389,471
389,474
389,480
389,481
389,489
389,492
389,497
389,498
390,394
390,395
390,407
390,409
390,412
390,420
390,423
390,429
390,438
390,439
390,442
390,455
390,456
390,457
390,464
390,465
390,466
390,468
390,469
390,478
390,485
390,486
390,487
390,490
390,495
390,499
391,393
391,404
391,409
391,410
391,413
391,418
391,422
391,441
391,442
391,445
391,446
391,453
391,455
391,458
391,461
391,467
391,468
391,472
391,475
391,480
391,494
391,495
391,496
391,499
392,407
392,411
392,414
392,420
392,421
392,429
392,434
392,435
392,439
392,443
392,445
392,460
392,467
392,481
392,487
392,488
392,491
392,496
393,395
393,398
393,403
393,405
393,407
393,408
393,419
393,420
393,426
393,428
393,429
393,433
393,436
393,445
393,447
393,451
393,452
393,462
393,468
393,474
393,477
393,482
393,487
393,489
393,493
393,494
394,396
394,401
394,405
394,411
394,412
394,413
394,414
394,418
394,424
394,430
394,431
394,432
394,441
394,448
394,450
394,459
394,460
394,461
394,466
394,479
394,487
394,488
394,491
394,492
394,494
395,398
395,401
395,412
395,416
395,417
395,422
395,423
395,425
395,432
395,439
395,443
395,449
395,452
395,453
395,456
395,458
395,459
395,462
395,465
395,476
395,484
395,492
395,493
396,400
396,406
396,407
396,412
396,413
396,420
396,429
396,440
396,451
396,458
396,470
396,473
396,474
396,480
396,495
396,498
397,400
397,401
397,402
397,411
397,413
397,418
397,420
397,421
397,432
397,433
397,440
397,444
397,448
397,453
397,454
397,456
397,457
397,458
397,463
397,464
397,465
397,474
397,476
397,489
398,407
398,413
398,416
398,421
398,423
398,427
398,429
398,434
398,436
398,437
398,444
398,450
398,451
398,458
398,460
398,466
398,469
398,471
398,478
398,481
398,482
399,402
399,409
399,411
399,414
399,417
399,433
399,440
399,448
399,462
399,470
399,471
399,490
400,403
400,405
400,410
400,413
400,420
400,431
400,443
400,445
400,450
400,455
400,457
400,467
400,468
400,471
400,473
400,479
400,480
400,484
400,485
400,486
400,488
400,492
400,493
400,495
400,497
400,499
401,403
401,409
401,411
401,413
401,416
401,421
401,424
401,427
401,431
401,436
401,439
401,462
401,463
401,471
401,473
401,474
401,476
401,485
401,488
401,491
401,495
402,416
402,423
402,427
402,432
402,441
402,452
402,453
402,459
402,460
402,464
402,465
402,472
402,480
402,490
402,491
402,499
403,404
403,406
403,408
403,409
403,418
403,420
403,421
403,427
403,433
403,438
403,445
403,450
403,452
403,453
403,455
403,457
403,458
403,460
403,461
403,465
403,466
403,475
403,479
403,487
403,488
403,495
404,408
404,415
404,429
404,432
404,436
404,437
404,444
404,450
404,454
404,459
404,465
404,491
404,498
405,408
405,415
405,416
405,422
405,423
405,429
405,435
405,440
405,443
405,447
405,459
405,464
405,465
405,468
405,473
405,480
405,485
405,487
405,490
405,496
406,410
406,412
406,422
406,428
406,432
406,433
406,434
406,441
406,443
406,451
406,453
406,461
406,465
406,468
406,469
406,472
406,473
406,478
406,480
406,482
406,483
406,487
406,495
407,411
407,414
407,420
407,423
407,439
407,440
407,449
407,453
407,455
407,456
407,458
407,459
407,466
407,473
407,482
407,483
407,486
407,488
407,491
407,493
408,415
408,420
408,423
408,438
408,442
408,446
408,460
408,461
408,462
408,467
408,470
408,473
408,483
408,486
408,490
408,491
408,497
409,413
409,416
409,421
409,422
409,430
409,439
409,441
409,444
409,448
409,450
409,457
409,464
409,465
409,469
409,470
409,471
409,488
409,495
409,498
410,412
410,418
410,419
410,421
410,422
410,427
410,435
410,439
410,440
410,442
410,443
410,446
410,448
410,454
410,467
410,476
410,477
410,481
410,485
410,487
410,494
410,495
410,496
411,414
411,427
411,432
411,433
411,439
411,456
411,457
411,460
411,467
411,469
411,470
411,474
411,475
411,476
411,490
411,494
412,420
412,423
412,429
412,430
412,434
412,442
412,443
412,444
412,454
412,455
412,466
412,467
412,472
412,474
412,482
413,417
413,424
413,426
413,433
413,434
413,444
413,446
413,450
413,453
413,462
413,468
413,478
413,479
413,482
413,487
413,499
414,423
414,427
414,432
414,434
414,436
414,447
414,455
414,459
414,474
414,477
414,479
414,492
414,494
415,420
415,423
415,428
415,429
415,445
415,446
415,449
415,451
415,452
415,455
415,458
415,459
415,463
415,464
415,479
415,482
415,483
415,489
415,491
415,497
415,498
416,417
416,420
416,424
416,425
416,432
416,435
416,438
416,440
416,442
416,446
416,450
416,472
416,473
416,477
416,484
416,492
416,493
416,498
417,420
417,426
417,428
417,435
417,437
417,438
417,446
417,454
417,463
417,469
417,475
417,481
417,483
417,491
417,494
418,421
418,422
418,426
418,442
418,443
418,444
418,452
418,453
418,465
418,468
418,473
418,475
418,479
418,487
418,496
419,421
419,432
419,435
419,448
419,451
419,454
419,458
419,460
419,462
419,463
419,475
419,477
419,489
419,492
419,494
419,498
420,429
420,437
420,445
420,446
420,450
420,453
420,455
420,459
420,461
420,463
420,465
420,468
420,476
420,477
420,486
420,488
420,491
420,494
420,497
421,430
421,436
421,442
421,443
421,444
421,455
421,458
421,459
421,463
421,466
421,480
421,481
421,482
422,423
422,424
422,432
422,433
422,436
422,439
422,440
422,442
422,443
422,450
422,453
422,454
422,468
422,473
422,492
422,496
422,498
423,425
423,428
423,433
423,449
423,454
423,471
423,479
423,487
423,491
423,493
424,429
424,433
424,445
424,450
424,452
424,453
424,456
424,463
424,465
424,471
424,472
424,486
424,489
424,497
425,429
425,430
425,432
425,434
425,436
425,444
425,446
425,449
425,450
425,455
425,458
425,461
425,464
425,466
425,469
425,471
425,479
425,488
425,493
425,498
425,499
426,428
426,434
426,436
426,441
426,442
426,447
426,452
426,453
426,455
426,458
426,460
426,462
426,468
426,478
426,482
426,489
427,431
427,433
427,435
427,437
427,438
427,441
427,444
427,456
427,458
427,462
427,467
427,476
427,479
427,489
427,492
427,499
428,429
428,430
428,432
428,433
428,435
428,441
428,442
428,444
428,447
428,453
428,464
428,466
428,467
428,484
428,485
428,494
429,434
429,437
429,441
429,454
429,456
429,473
429,475
429,482
429,487
429,490
430,435
430,436
430,439
430,444
430,450
430,461
430,465
430,471
430,474
430,475
430,478
430,489
430,491
430,496
430,498
431,435
431,436
431,437
431,440
431,446
431,451
431,458
431,461
431,465
431,467
431,473
431,475
431,481
431,484
431,487
431,497
432,433
432,435
432,436
432,439
432,442
432,453
432,458
432,461
432,474
432,477
432,482
432,483
432,486
432,489
432,491
432,492
432,496
432,497
433,434
433,436
433,438
433,443
433,445
433,449
433,450
433,451
433,456
433,460
433,463
433,470
433,471
433,474
433,476
433,478
433,482
433,484
433,486
433,491
433,497
434,437
434,438
434,439
434,445
434,450
434,451
434,455
434,456
434,461
434,463
434,467
434,469
434,470
434,472
434,473
434,480
434,482
434,485
434,488
434,492
434,494
434,495
435,439
435,446
435,456
435,457
435,462
435,470
435,475
435,477
435,486
435,491
435,492
435,494
435,497
436,438
436,439
436,442
436,443
436,444
436,450
436,451
436,460
436,463
436,476
436,497
437,444
437,455
437,463
437,464
437,467
437,471
437,480
437,481
437,485
437,489
437,490
437,494
438,440
438,446
438,450
438,464
438,471
438,478
438,490
438,499
439,440
439,441
439,446
439,448
439,449
439,452
439,453
439,456
439,462
439,465
439,472
439,475
439,479
439,480
439,481
439,483
439,486
440,441
440,444
440,445
440,459
440,461
440,465
440,473
440,478
440,482
440,486
440,493
440,497
441,453
441,454
441,462
441,472
441,480
441,490
441,491
441,497
442,444
442,448
442,449
442,461
442,466
442,492
443,448
443,449
443,451
443,455
443,462
443,463
443,467
443,471
443,481
443,485
443,489
443,497
443,499
444,445
444,448
444,449
444,456
444,461
444,466
444,469
444,473
444,474
444,477
444,478
444,480
444,484
444,487
444,494
445,452
445,453
445,454
445,457
445,462
445,466
445,472
445,473
445,475
445,477
445,479
445,480
445,483
445,487
445,491
445,499
446,453
446,460
446,467
446,470
446,474
446,475
446,482
446,484
446,487
447,450
447,453
447,455
447,457
447,463
447,469
447,471
447,472
447,480
447,481
447,491
447,497
448,450
448,455
448,465
448,466
448,470
448,471
448,475
448,476
448,477
448,480
448,482
448,488
448,494
449,465
449,468
449,477
449,480
449,493
450,462
450,471
450,472
450,477
450,479
450,488
450,493
450,495
450,498
451,457
451,467
451,468
451,473
451,476
451,477
451,482
451,485
451,489
451,495
451,497
451,498
452,453
452,455
452,460
452,461
452,466
452,470
452,471
452,478
452,494
452,496
452,497
452,498
453,468
453,472
453,489
453,490
453,498
454,462
454,467
454,473
454,479
454,480
454,483
455,465
455,472
455,473
455,474
455,482
455,488
455,490
455,496
456,458
456,459
456,461
456,463
456,472
456,476
456,481
456,482
456,494
456,496
456,497
457,460
457,470
457,474
457,482
457,483
457,491
457,492
457,494
457,495
457,497
458,461
458,462
458,466
458,469
458,473
458,478
458,480
458,491
458,493
459,463
459,469
459,472
459,474
459,487
459,490
459,495
460,471
460,480
460,496
460,497
461,467
461,471
461,475
461,477
461,480
461,489
461,492
461,496
461,498
461,499
462,466
462,472
462,483
462,486
462,489
463,464
463,475
463,477
463,478
463,481
463,483
463,493
463,499
464,477
464,480
464,489
464,491
464,498
465,476
465,497
466,485
466,498
467,470
467,480
467,483
467,484
467,486
467,489
467,499
468,478
468,483
468,484
468,488
468,490
468,491
468,496
468,498
469,471
469,474
469,479
469,482
469,487
469,497
470,471
470,482
470,490
471,472
471,474
471,479
471,485
471,490
471,491
472,475
472,476
472,478
472,482
472,484
472,497
473,474
473,478
473,479
473,480
473,481
473,485
473,486
473,487
473,491
473,494
473,496
474,480
474,494
474,495
475,476
475,485
475,487
475,488
475,489
475,498
476,478
476,479
476,482
476,485
476,491
476,499
477,478
477,486
477,487
477,498
478,488
478,493
478,496
479,480
479,492
479,493
480,481
480,483
480,485
480,487
480,494
480,495
481,489
481,492
481,496
482,483
482,485
482,490
482,499
483,492
483,493
483,494
483,498
484,489
486,493
487,490
487,492
487,495
487,496
488,490
488,491
488,492
488,493
489,492
489,499
490,494
491,499
492,493
492,494
492,495
494,496
494,497
497,499
498,499
